"reg_idx","M","Rrup","Vs30","Ztor","FS","-1","0.","0.01","0.02","0.03","0.05","0.075","0.1","0.15","0.2","0.25","0.3","0.4","0.5","0.75","1.","1.5","2.","3.","4.","5.","7.5","10."
4,4.,10.,400.,10,0,0.2350292509105084,0.32201772922791405,0.32058076777857947,0.3249413842441978,0.31710186372219124,0.33208545039338777,0.3135623966089806,0.33501656650981476,0.32149702803574653,0.3071373821842447,0.31278438086558846,0.29198549506291943,0.27444217045558084,0.25730626683458024,0.2765860720045964,0.2547265923887298,0.29949791273067455,0.272463056997143,0.2722403634574716,0.29530349288685676,0.30578807169175576,0.30057038253356083,0.3009039314896441
4,4.,15.848931924611133,400.,10,0,0.23172146098607405,0.3190370664883911,0.31772071846357375,0.3224508487556076,0.31498300614734537,0.3293405564945989,0.30954928544932364,0.3323070853777433,0.31756245036000863,0.3056282583433477,0.30941077882132023,0.2882106894194156,0.270456988311425,0.25326888426832045,0.2722146675665604,0.2511097075650251,0.295970795294154,0.2689000428050855,0.2683134852622693,0.29039637607000696,0.3024787882380752,0.29601696616608947,0.2966160835337922
4,4.,25.118864315095795,400.,10,0,0.22898550433070758,0.3166148065455403,0.3157112384738621,0.3204985381084938,0.31348882474156464,0.32740187234225215,0.30632146739474725,0.33033857156765334,0.3144388928091791,0.3049262532211031,0.30663813017952585,0.28504563415001755,0.267093588200245,0.24980865690629647,0.26834162877570134,0.24808649042706096,0.2930821215390575,0.26599905938410995,0.2650077018581593,0.2860863632156585,0.2996462737782316,0.29181672843947,0.29282074511185474
4,4.,39.810717055349734,400.,10,0,0.22699474626120286,0.3148875301987038,0.3146152112526825,0.31919399292954137,0.31269881282394957,0.32635649685457424,0.3040232893532566,0.3292047300656341,0.3122791096281249,0.3050735099568199,0.30458644530682016,0.28266002065477597,0.26456171658365824,0.24716848086842946,0.26520345318919086,0.24583828933418056,0.29103040849498174,0.2639482080103374,0.2624969413230887,0.2826571617757456,0.29746012152526985,0.2882131386548987,0.2897307097401471
4,4.,63.09573444801933,400.,10,0,0.22583581112875473,0.3138938269884182,0.31439988052847856,0.31857580136432634,0.3126200727723983,0.32619032393321057,0.30269281905588763,0.32889772246598215,0.3111218262914096,0.30599003938559644,0.30331484499809863,0.2811162491984992,0.26298554868363494,0.24548571223046134,0.2629537084980131,0.24446673020036092,0.28993025505358255,0.26283653307851607,0.2608475871139385,0.28031093481054714,0.29600454328521414,0.2853662012186727,0.2874901938183515
4,4.,100.,400.,10,0,0.22547653252372685,0.31353926954797395,0.31491083617889803,0.3185855131317232,0.3131572539212903,0.3267590507982001,0.30223495072077716,0.32927513459548663,0.3108630619553984,0.3074354645233005,0.30280736845365225,0.2803383003342073,0.2623842473836983,0.24476637978045165,0.26165015989517015,0.2439898827073582,0.2898162509941569,0.26265188453150484,0.26000938420207215,0.2791696108678439,0.2952730257711372,0.28333680588496546,0.28617453101413154
4,4.,158.48931924611142,400.,10,0,0.2257836473076937,0.31361680713775714,0.3158883666360276,0.31908947959117595,0.31412913236282664,0.32780529660895413,0.3024516097213734,0.3300864538974368,0.3112916983904068,0.30902399020509413,0.30301125531164225,0.28014342123079733,0.2627135065078589,0.24492711404474068,0.26130184494009817,0.24440130213781053,0.2907072523853428,0.26333686390756367,0.25986072418009504,0.2793411103177526,0.2952158418147967,0.2821267111198204,0.285839203694865
4,4.,251.18864315095823,400.,10,0,0.22666860376611894,0.31397817443787085,0.3171165853192698,0.3200298734090009,0.31541416163997593,0.3291124933597703,0.3032350153984716,0.3311699191747649,0.3123066959102261,0.31039482789440476,0.30401982585508547,0.28044679806958495,0.26406640331848613,0.24601250538239752,0.2620744076679848,0.24589958620185642,0.29283396305594867,0.26500575743665683,0.260413061225842,0.2811564400795592,0.2959340940661198,0.2818646945909342,0.28670116951096414
4,4.,398.1071705534973,400.,10,0,0.22858957147301553,0.3151410199272961,0.31896516047420687,0.3219404263647958,0.31746276600339,0.3310610390797104,0.30522839181561473,0.3331414955180847,0.3146529464159002,0.31184920259363086,0.3066533194589605,0.28196045310281925,0.2673084129603976,0.24889456420094327,0.2649279390288744,0.24957892878530843,0.2973100709337151,0.2686077034829072,0.2624724449352124,0.28586262516754607,0.2982860109788938,0.283400317979209,0.28968183291092087
4,4.,630.957344480193,400.,10,0,0.23400260196287703,0.3200884301433284,0.3240181289030918,0.3274445126257051,0.32280669475990337,0.3362987077220106,0.3117401121429294,0.3394201588503045,0.3220385259719689,0.31630795608836354,0.3140666237511972,0.28821035971777936,0.27581620293786796,0.25720191501446643,0.2733442746944219,0.2592513169224771,0.3079038817990026,0.27771744135296494,0.2694949108677343,0.29742098951966434,0.3055615184512939,0.289953568658145,0.29786298585649645
4,4.,1000.,400.,10,0,0.25087709595117086,0.33877681970730933,0.34124807086057424,0.3450032521608099,0.3398788609913134,0.3540257536749698,0.3333858180072568,0.3612282651197448,0.3461940498316798,0.33436289276967224,0.33553936574862325,0.3103311467016169,0.2994367475356112,0.28164596427119126,0.29720226653813797,0.2853626805441164,0.3349661538603123,0.3025460252414085,0.29186938685281505,0.32638020714324484,0.32739777390731073,0.31096677730533157,0.31982634947550537
4,4.,500,400.,10,0,0.2305252191844493,0.31673886105974813,0.3207305920090171,0.32389122835950634,0.31937643637192936,0.33289900139634776,0.3074761169030854,0.3352812163667071,0.3172215447080937,0.3132901116327002,0.3093548639224778,0.284027332446671,0.2704646350697321,0.2518969796063934,0.2679961046119297,0.25318384201976957,0.3013621651712285,0.2720129335638132,0.2649141004849635,0.2902859144976191,0.300885998319162,0.28563907879569084,0.2927311796037116
4,4.,800,400.,10,0,0.24039053973950084,0.32689197784666396,0.3303604065455711,0.3340476526566936,0.3291944245561474,0.34283164067842353,0.31984028106896517,0.34747683178500294,0.33111522018858786,0.32270690958474874,0.32238159632219787,0.29641893963085664,0.28505836134479917,0.26665307416480977,0.28267451417105915,0.2695799229814934,0.3187176176574239,0.2874777401212583,0.27799916511112244,0.3090905548941227,0.31396674690963644,0.29796823774588194,0.30655679555622045
4,4.5,10.,400.,10,0,0.20777045182709625,0.28508428992417284,0.28070109072020083,0.2862715999129999,0.27829221939831106,0.2927221061795557,0.2766802165997245,0.29378013928064894,0.2812128886185622,0.269069333868761,0.27331134200615587,0.2563364325299003,0.24115295333434353,0.22481455978521417,0.24010185425221853,0.22057118435802842,0.26029935830972467,0.23578775229657797,0.2343524738243278,0.2546281679313983,0.26342679306565453,0.2597421266986881,0.2595182606851439
4,4.5,15.848931924611133,400.,10,0,0.20457171027032175,0.282107290946203,0.27762592171557243,0.28379041298189434,0.27604082827062343,0.28983544131442945,0.27269958718588316,0.29085145518615463,0.27716547918440537,0.2673532811548885,0.2699075999276025,0.25245560225671737,0.23713554626379085,0.22066933944534692,0.23566165540332953,0.2168991928639101,0.2566999750283844,0.2321422995629523,0.23029031738266315,0.24981204033424792,0.26005032433704744,0.2553021218507935,0.2552200412692622
4,4.5,25.118864315095795,400.,10,0,0.20189690873454313,0.2796717594747312,0.27539305120842633,0.28182293472974423,0.2744077539558227,0.28773115936698834,0.26944175791572406,0.2886865267264154,0.2738986629667375,0.26645513987096364,0.2671019586836097,0.24914673847838448,0.23369611064832652,0.2170596448769199,0.23168393502320964,0.21378944833570862,0.25370136505069246,0.2291261412608782,0.22681059506637385,0.2455285236119788,0.2571099362904117,0.2511545325238557,0.2513497912306422
4,4.5,39.810717055349734,400.,10,0,0.19994174754756625,0.2779338067556059,0.27410189825711084,0.2804961676614717,0.2734894656128786,0.28652890893558985,0.26708989285471985,0.28740134971388437,0.2716017155106059,0.26644263655495753,0.26503533734054086,0.24661623321875759,0.2310771306069376,0.21426747184893655,0.22844428186883128,0.2114586925399662,0.2515446557450743,0.2269725695395957,0.224138773558003,0.24210719829511096,0.25481341412473874,0.2475807089364699,0.24816279301207486
4,4.5,63.09573444801933,400.,10,0,0.19881575529668807,0.276948686870657,0.27374257072832126,0.27986460251550493,0.2733070036275824,0.2862375584688431,0.26571495167368275,0.2869986275296357,0.27034235344124685,0.2672507633009922,0.26377915916976064,0.24495992578699385,0.2294327616692772,0.212464866000367,0.22612881975189367,0.21003417617425849,0.2503744806284181,0.2258029349380541,0.2223792033536224,0.2397868546265955,0.25327349264253557,0.2447783842380366,0.24584131598935968
4,4.5,100.,400.,10,0,0.19849827677845197,0.27662493563497387,0.2741640766582625,0.279875478634789,0.2737689186371965,0.2867185113877079,0.26523596154682166,0.2873280191516225,0.27002719545831577,0.268636373782065,0.26331413438147017,0.24412064834148048,0.22879813709295338,0.2116737113542137,0.224809712445458,0.2095409315727759,0.2502337446800744,0.22561594612314337,0.22149678225634342,0.2387029790193491,0.2524932503287655,0.2428323282117995,0.2444848429560066
4,4.5,158.48931924611142,400.,10,0,0.19885142927840269,0.27674162723355744,0.2750916347282908,0.28038846698026954,0.27468633657560515,0.28770257816877115,0.265447453684882,0.2881131725151555,0.2704377514433977,0.27019538957332634,0.26356749538809104,0.2439204847081755,0.22912983639313597,0.21180615277832884,0.22449181998773413,0.20996353318325298,0.25113074996533874,0.22634806126449605,0.22136686218262708,0.2389536374726729,0.25241609277493954,0.24175293659687913,0.2441605753526923
4,4.5,251.18864315095823,400.,10,0,0.19978247802969126,0.27714001358398255,0.27629936024043894,0.2813450990348023,0.2759381502643868,0.2889662358385877,0.2662369232070837,0.28917580148078964,0.2714801256332107,0.2715622207725694,0.2646162876100023,0.24429725900753857,0.23053231605862368,0.21291210058305723,0.22534566335292222,0.21150735914997856,0.2532960327872324,0.2281233904250912,0.22201579738235425,0.24086630602452047,0.2531491400795124,0.24168919367927008,0.2451110436936878
4,4.5,398.1071705534973,400.,10,0,0.20181148941994256,0.2784098792720015,0.27823463468554743,0.2833538531432892,0.2780566849155904,0.29096779439378306,0.2683353765992378,0.2912232581181828,0.2740325207186904,0.27314546506506415,0.2673443189163298,0.2461108448963178,0.23398024345155607,0.21598255900775498,0.22843993676972071,0.21539009333086853,0.2579456930227483,0.23201734808643856,0.2243961917904389,0.2457898398919834,0.2556661056760532,0.24361588895708358,0.24838150419053862
4,4.5,630.957344480193,400.,10,0,0.20769934755354472,0.28391361374214974,0.2838771703995165,0.2893795745189527,0.28394044508696437,0.2967415064412179,0.27547462568525555,0.29814760792829703,0.28235161930974917,0.27836138414506445,0.2752547138266397,0.25343153723619843,0.24326998045757323,0.2251319392764525,0.23769953711623745,0.22589745006397888,0.2692730932699033,0.2420831887971194,0.23251958233864384,0.2581242765597282,0.2637274179471528,0.25121698741377546,0.2574782096302699
4,4.5,1000.,400.,10,0,0.22624704666400136,0.3047010941761111,0.30334737803371997,0.30884670235815814,0.30305377890157925,0.3166088867084739,0.2994215499212172,0.32249381224935597,0.3095422509184832,0.2991769495805526,0.2985982081255388,0.27868207091426145,0.26924243669677617,0.25220164843503656,0.2640573197475177,0.2545228816266673,0.29864967277167864,0.2696277070403932,0.25806391407048634,0.28945013333895975,0.2881523028803549,0.27505273037852934,0.2819784621419835
4,4.5,500,400.,10,0,0.20389966096330034,0.28018038278291435,0.28018068983159283,0.28546900450950374,0.2801349913391395,0.292963597986058,0.27077762558986884,0.29355393329040513,0.27690902920240623,0.27482315284625985,0.27019932703857646,0.2485503028974828,0.23740438403943157,0.21926518280143778,0.2318000176160449,0.21927721107566467,0.2622427664548881,0.2357597622358761,0.22722320156050707,0.2504778194403614,0.25852347020646427,0.24623903407246991,0.2517591344900024
4,4.5,800,400.,10,0,0.21472405670259276,0.2915018724608884,0.2910562030374746,0.29669970956567737,0.29109277619359075,0.30406763760621885,0.28444679466473616,0.3071529708304897,0.29261146016294226,0.2858041990803041,0.28427165864463927,0.26288946611850306,0.2534453853695272,0.23562391780172892,0.24802419576356363,0.2372314243658798,0.28099619022964906,0.2529349511637939,0.24229495945972088,0.27073068487227525,0.2731375646172962,0.26036910305529387,0.2671914077875197
4,5.,10.,400.,10,0,0.18189762771036003,0.24961632744551673,0.24256166316022884,0.2489945073208754,0.24119687167111264,0.2547893959896381,0.24121359740525103,0.2543808464514738,0.2425706039882643,0.23272081769318223,0.2352568074941338,0.22271232863307774,0.20945399009560503,0.19382414926571034,0.20487169345889478,0.18786201533946792,0.222318455969684,0.20066181918678494,0.19805623278893264,0.21524242737646748,0.2222655048114469,0.2201771795661269,0.21953000880227388
4,5.,15.848931924611133,400.,10,0,0.17880254213225913,0.24661447447383275,0.23926231381563196,0.24651715748287228,0.23877042688758685,0.25174066796087413,0.2372870859185218,0.25116785862857616,0.23836767376932214,0.23073969902549005,0.23179432956146467,0.2186989707769045,0.20538100728021808,0.1895344923125219,0.2003260591060324,0.18409151000197146,0.21862329757348653,0.19689318998054395,0.1938199422785354,0.2104978970076929,0.21878857349123407,0.21581937066616816,0.21519315468102213
4,5.,25.118864315095795,400.,10,0,0.17618333403340627,0.24413951529342764,0.2367835243413513,0.2445309352318494,0.23695877286128686,0.2494435390436739,0.23401460178698782,0.24874127248851502,0.23491190515650354,0.2295859425159163,0.2289297548438752,0.21520805204581292,0.20184082902987405,0.1857323834813468,0.1961999350926354,0.1808460869674538,0.2154822199381153,0.19371304417001087,0.19011153125213923,0.20621593476311328,0.21569899814079727,0.2116918974802173,0.21120640451900047
4,5.,39.810717055349734,400.,10,0,0.17425669332948363,0.24236873835069983,0.23527111487263697,0.2431802091347607,0.23587895229639827,0.24805556827051473,0.23161715964571905,0.24724964617319523,0.23243467603476275,0.22936094689778858,0.2268301327594755,0.212487610963018,0.19911196829699218,0.18274561649207394,0.1928172598415605,0.17838659258205816,0.21318840010059276,0.19141103863404502,0.18722140735003265,0.2027782753439639,0.21325098027040856,0.2081174978462765,0.20787444011917092
4,5.,63.09573444801933,400.,10,0,0.17315630904694876,0.24137576043914916,0.23474689753168096,0.24253640198131546,0.23556818852564843,0.24761410225992142,0.230202059662222,0.24671143425981576,0.23103876979486868,0.23002054236863548,0.22558209138058694,0.2106752063935869,0.19738363608297207,0.18079003707354246,0.190407280833649,0.1768745685849685,0.2119266455983616,0.19015225531207913,0.18530702024095214,0.20046925088009218,0.21159527641239512,0.20533995962363935,0.20542890239089592
4,5.,100.,400.,10,0,0.17287580924498383,0.24107302648635806,0.2350687377716507,0.24255381712541343,0.23594040668251823,0.24798996903089476,0.22970677597281353,0.2469684786217973,0.23064564905249993,0.2313213210256868,0.22516241229397146,0.20974096059408473,0.1967112930852176,0.17991007596209355,0.18906333679537016,0.1763462893878686,0.2117533183719816,0.18995248409670082,0.1843583935842292,0.19944230156120427,0.21074990418833497,0.2034758720554963,0.20400383137680747
4,5.,158.48931924611142,400.,10,0,0.17327402153229127,0.24122408325130146,0.23594738536459212,0.24308536033916184,0.23679888739140328,0.24890237554209868,0.22991981999195504,0.2477137186183608,0.23103013741447162,0.232839877834728,0.22547312687022159,0.2095181034734358,0.19705393117602235,0.1800146479821575,0.18878663392262351,0.17677612703706658,0.21266472265820174,0.19074216701758331,0.18425109026549655,0.19978223498311445,0.2106511128961836,0.20254861191269577,0.20368513075611153
4,5.,251.18864315095823,400.,10,0,0.17425572504705006,0.24165913831325792,0.23714830796315006,0.24407373337563365,0.23802533292416767,0.25012227905879797,0.2307261679707379,0.2487497081605472,0.23211062082449557,0.23420862941896936,0.22657030839931208,0.20997805723482454,0.19853136176151528,0.18116225283380188,0.1897547868080377,0.17837882579530764,0.21489157607208167,0.19265904552674903,0.18503450585316245,0.201810525811811,0.21141560329354916,0.2027353557065117,0.20475177560116276
4,5.,398.1071705534973,400.,10,0,0.17641891050642552,0.24305960405335822,0.23922147161689927,0.2462229485502095,0.24025791214929293,0.25220968702196217,0.232969507988618,0.2509019764329997,0.23493973238490304,0.23597696330571344,0.229418533304434,0.21217128881063502,0.20225524277952228,0.18449757858788576,0.1931788993689511,0.1825327111763656,0.219782510099215,0.1969423111618294,0.1878590020236066,0.20700869785955753,0.21417380921911658,0.20517742571019468,0.2084149536745556
4,5.,630.957344480193,400.,10,0,0.1828931915370232,0.24925647281861169,0.2456471566587898,0.25292218065068917,0.246854812247661,0.25868556727213504,0.2409056728281677,0.2586589198164852,0.24446626089806942,0.24218563556128328,0.2379595753559765,0.22083770476178424,0.21253218915644556,0.19473969239123012,0.2035471674886884,0.19411908712063078,0.23206712388008072,0.2082441179820832,0.19745227041496266,0.2203370418136759,0.22330585656502863,0.2141539872366072,0.21872772540700658
4,5.,1000.,400.,10,0,0.2034161053941394,0.2725723650199257,0.2679036015618092,0.27472582746189844,0.26849443029182096,0.28120072669278445,0.26762511572251685,0.28611839636208,0.27536750787839054,0.2664037567724125,0.2635930660731321,0.24981524258114626,0.2413000031888734,0.22497963877417176,0.2329921722084821,0.22579471446227997,0.2642883267647977,0.23909108629058717,0.22694325762571532,0.2545623382792857,0.2510420420662892,0.24150903782020416,0.2464194517424604
4,5.,500,400.,10,0,0.17869727483211229,0.24504615295604068,0.24141437863623325,0.24855472083085034,0.2425602471773625,0.2544175557619704,0.23566299315395645,0.2534825633654684,0.23821975996750555,0.23797156271980485,0.2324693679079392,0.21508325707175757,0.2060233190875346,0.18815139966610386,0.19692845934480654,0.18678956489289733,0.22440468691375448,0.201126386479428,0.19120820219433535,0.2120371152564106,0.21738814824514582,0.20830894339392345,0.21223330274829416
4,5.,800,400.,10,0,0.19068390339086513,0.2578053071892591,0.25388935298311605,0.2611360554513641,0.2549730078310455,0.2670119037369856,0.250949596652879,0.2688515590971143,0.2562060000668422,0.25094455918632524,0.247850177637528,0.23181819241583573,0.22384169834336945,0.20652216819495728,0.21513019456318147,0.20670395242627954,0.24493301363716555,0.22045554442660314,0.20885506813704754,0.23411551900070923,0.2340327871488501,0.2247565441038284,0.2297518616429969
4,5.5,10.,400.,10,0,0.1580863350200931,0.21632931153348786,0.20709680254677176,0.21384045403948526,0.20673512842903136,0.21903326637216985,0.20793021488650928,0.21777794367855371,0.20650831833708386,0.19900414699720081,0.19943651741747292,0.19214267217746855,0.1802074139984179,0.16516735351570694,0.17165362619054383,0.15749334896340886,0.18629554408911514,0.16806380773021315,0.16439272644910094,0.17804020893917316,0.1831203626765036,0.18272448084649187,0.18186386543506985
4,5.5,15.848931924611133,400.,10,0,0.15509100136222417,0.2132683018042574,0.20357652138653087,0.21135852481003456,0.20408097553228896,0.21579446314312623,0.20407647163210024,0.21421074114508615,0.20209465839617952,0.19668728369501912,0.19588077989515168,0.1879837186040334,0.17605510903182703,0.16070227349844673,0.1669666936103804,0.1535784784050942,0.18247962872431367,0.16412781302782897,0.15994756557126963,0.1733421246714492,0.17949828891549682,0.1784051632451582,0.1774568914959511
4,5.5,25.118864315095795,400.,10,0,0.15252619273304746,0.21072280203021804,0.2008389289552325,0.2093514434458605,0.2020407617700736,0.2132708110560863,0.20080978837022403,0.2114470006093971,0.19839171725017368,0.19520271263793043,0.19292733308250046,0.18428318688685236,0.1723898830020018,0.15666781204637023,0.16264607873428605,0.1501416667594503,0.17915977966188315,0.16072672034863394,0.15595306570233375,0.1690321129758258,0.17620481234338328,0.17425483329021704,0.17330564745151297
4,5.5,39.810717055349734,400.,10,0,0.15062678351236009,0.20889382725993988,0.19908533408183876,0.2079798332157251,0.20075784274333164,0.21166276182970262,0.19838402793699864,0.20968231519654446,0.19567991126978548,0.19469608699655822,0.1907759647890832,0.18133331338889297,0.1695295845316331,0.15344425993091365,0.15907504242504814,0.14749819382962012,0.17669158216785472,0.15821971826299738,0.1527789715676674,0.1655504500295407,0.17355030394745158,0.1706419132405294,0.16977043454318566
4,5.5,63.09573444801933,400.,10,0,0.14954907192105027,0.20787431624214228,0.19837858435808386,0.20733087248250762,0.20028784312655196,0.211041024906353,0.19694210001803872,0.20895851797149553,0.19410354993717,0.19515173648782827,0.18953117072046533,0.17932107024073962,0.16770315554497583,0.1513017928669135,0.15654008284885024,0.14585532175885438,0.17531300423334104,0.1568311043815915,0.1506562225844969,0.16323743338415078,0.17173641730705874,0.16786674436913995,0.1671462766363861
4,5.5,100.,400.,10,0,0.14930230560518484,0.2075808866471719,0.19859238215560604,0.20736590541145133,0.20055130897550738,0.21128962986375835,0.19644225669737836,0.2091105182834569,0.19360374378504763,0.1963301445612582,0.18916378470058604,0.17825448116892928,0.16699082364921372,0.1503162982110082,0.15516561709187263,0.14526684155539174,0.17510101149251966,0.15660323210275123,0.14961572694186284,0.16226913403912377,0.17080410066523558,0.16608859529236164,0.16561667551764572
4,5.5,158.48931924611142,400.,10,0,0.14974360588049596,0.20775952854932336,0.1994252657795201,0.20793055947559677,0.20134372005814977,0.21211678456227598,0.19666801985034807,0.20979515102446608,0.19394992343377165,0.1977890898123074,0.18954274538632893,0.1779880975905305,0.16735566135677993,0.1503959514759703,0.154950188796547,0.14569550121570027,0.17603773504465114,0.15746140604627648,0.14954001004923592,0.16271032478624486,0.17068233371624034,0.16535005717702148,0.1652972044703923
4,5.5,251.18864315095823,400.,10,0,0.15077824456390349,0.20822933756979808,0.20063787578460182,0.20897146063480038,0.2025535849560749,0.2132909759726858,0.1975051602992522,0.2107934014155581,0.19508076456798581,0.19916516632638867,0.19069588405552165,0.17854351650285546,0.1689375774551954,0.1516127002464525,0.15608114343966112,0.14736846876599113,0.1783538145977333,0.15956200172248072,0.1505146473369693,0.16487037638099084,0.1715029505660631,0.16586776951511725,0.16651966663713053
4,5.5,398.1071705534973,400.,10,0,0.15310129678193835,0.2097885252722586,0.20291658577302055,0.2113151487013895,0.2049564417050281,0.21550665693555163,0.19994172490291542,0.2130847016817181,0.19827907557873672,0.20119456176290176,0.1936899553586013,0.18121539048955898,0.173017812452119,0.15530915116055358,0.1599575509080573,0.15187311618425,0.18357070080107935,0.16435606388410035,0.15395912918799234,0.17040412880292405,0.17461474648606506,0.16900661061410283,0.17072068753370306
4,5.5,630.957344480193,400.,10,0,0.1602794180924382,0.21684502032164663,0.2103709488232722,0.21887603244443607,0.21248318213717976,0.2228997943816061,0.2088762395688552,0.22190739212886104,0.2093617287673833,0.20870225984451635,0.20301842538804254,0.1915455585716188,0.1845087935379898,0.16694323545824502,0.17177881573087075,0.16482948700950745,0.19709382701079292,0.1772314397378151,0.1655089771316327,0.18498661606979463,0.18522351705861506,0.17980254842638232,0.18265387090565
4,5.5,1000.,400.,10,0,0.1830573393303818,0.24316264447665065,0.23602490684576755,0.24349692000734496,0.23719233107171211,0.24865960300699239,0.23886271986270216,0.253120199813181,0.24470886264033426,0.23704508639447158,0.23140361542207524,0.22480356103122326,0.21648285822688598,0.2008846338782358,0.20495391204415397,0.2000891349704963,0.23274882392573548,0.2119676077316922,0.19976502338865185,0.2226783032109895,0.21716372860004962,0.21146623576404955,0.21429098082228568
4,5.5,500,400.,10,0,0.1556097215920188,0.21204445610942013,0.20544208155963678,0.2139292574023839,0.2075582834391306,0.21799766046791502,0.2029549591508656,0.21598949983397,0.20208714145130904,0.2036128052208415,0.19698553009848999,0.1847196099811126,0.1772158318885695,0.15944602438601163,0.16422659233208617,0.15660609286373867,0.18862001896580743,0.16911112212605028,0.15801786909826132,0.17586311543555616,0.1783310554713841,0.17281981191265994,0.17513482893566185
4,5.5,800,400.,10,0,0.16896435074825938,0.2265582526914969,0.2199446603770637,0.22819144524864776,0.2218044992035511,0.2324814287314296,0.22021465877588056,0.23356868876563772,0.22292821488230008,0.2191041313336093,0.21398054772608238,0.20432793888092904,0.1971542771556144,0.18028285273111777,0.184931277938999,0.17893138659590793,0.21137775001210443,0.19109427505624754,0.17895218224633286,0.20020430320639798,0.19767787495713687,0.1922375460585271,0.1953477929590693
4,6.,10.,400.,10,0,0.13741147170427054,0.1863927603892216,0.17591744485020705,0.1820573255605658,0.17645818802032512,0.18672969255537605,0.17814000063576307,0.18558944637726846,0.17466382853926127,0.1694665123351755,0.16730702343646736,0.16628225296240595,0.15484323759094404,0.14026811947272955,0.14185328842333467,0.1310925744946875,0.15361602994820078,0.1397833272898151,0.13532875730232802,0.14476819362642496,0.14761946071539073,0.1490183044600935,0.14830818830513334
4,6.,15.848931924611133,400.,10,0,0.13452154314066,0.18323843907931997,0.17221133384055784,0.17956170204197966,0.1735233953095268,0.18326781364054126,0.17437551960109637,0.18161259754494216,0.16998685982627212,0.16673974106157988,0.16362730534032585,0.16200588729229826,0.1506068276278157,0.13563238162629257,0.1370164943653126,0.12701416201568042,0.14966914993909453,0.1356622399599049,0.13068753322278023,0.14010973259143056,0.1438093568061369,0.14469802770532544,0.14382239858998808
4,6.,25.118864315095795,400.,10,0,0.1320211995543962,0.1805901783779453,0.1692312362241154,0.17753580330208577,0.17120027210595606,0.1804794357826707,0.17114320257011875,0.1784398751075934,0.16597735913730705,0.16483709685897677,0.16055958474519408,0.15810827475870723,0.1468107615154789,0.1313589160588774,0.1324793365760518,0.12334963511570947,0.14614553684292028,0.13200100971485274,0.1263890614971452,0.13576136119992718,0.14025509105062664,0.1404879313790479,0.1394782329989779
4,6.,39.810717055349734,400.,10,0,0.130160047423196,0.1786772516485006,0.16723939070712573,0.17615541443446808,0.16966791021943015,0.17861304836630637,0.16872158821533026,0.17633225482099948,0.16297355665176438,0.16396192950450625,0.1583448554581734,0.15492227303996048,0.1438145554366701,0.12788370339266789,0.12869434311726316,0.12047730376756056,0.14347213470257802,0.12923940804887832,0.12289108279838397,0.13222560247171097,0.13733332092810646,0.13680699115420242,0.1356932805136571
4,6.,63.09573444801933,400.,10,0,0.1291112760292468,0.1776119054863461,0.16634679549070425,0.17551881740950043,0.16900274794259337,0.17777604506128247,0.16728165585263036,0.17536530920946694,0.1611674265008006,0.16413705940468468,0.1571069701880771,0.1526868232523771,0.14188902313485607,0.12553960279900928,0.12602130276054505,0.11866233092162831,0.1419547850818948,0.1276787498709676,0.12052025084616637,0.12990763158158103,0.13531302767101663,0.1340241570876764,0.1328398172720573
4,6.,100.,400.,10,0,0.12889773729197762,0.1773139004972828,0.1664506618099656,0.17559123871009,0.169132681577688,0.1778686263233058,0.1667998892756545,0.17536947540012868,0.16052462987530564,0.16513417597156632,0.15680585831438668,0.1514582828982106,0.14114184623528855,0.124443420735911,0.12462830977053999,0.11798394793258168,0.14170000269918287,0.1274013004106625,0.11937083329561961,0.12900818536639055,0.1342697883173893,0.13235510403276157,0.13116983970767523
4,6.,158.48931924611142,400.,10,0,0.12937640214664534,0.17750954348874629,0.1672429117910825,0.17620949995402155,0.16984630417509547,0.17858943819268017,0.167054645764436,0.17596126339130613,0.16081206239406973,0.1664973019739151,0.15726554373171858,0.1511274915282584,0.14154137990315582,0.12450673716107856,0.12451214076652516,0.11839188551408739,0.14267217103053462,0.1283301362623978,0.11934558773280037,0.1295580547736995,0.1341258190189184,0.13186973675448,0.13084450884506013
4,6.,251.18864315095823,400.,10,0,0.13045782101112882,0.17800796190777,0.16848813818902686,0.17732797803656186,0.17104551052868203,0.17971051019176876,0.16793707746140868,0.1768994674241435,0.1620009250015301,0.1678801213528631,0.1584742296754842,0.15178923782770315,0.1432519158745709,0.12582124055677008,0.1258710714134494,0.12012771028771764,0.14509927291025962,0.1306457625046763,0.12058585870629945,0.1318396024953478,0.13503606738304075,0.13283770050839536,0.13227074161492117
4,6.,398.1071705534973,400.,10,0,0.13295259235499132,0.17975344493676154,0.17104983983595062,0.17992694965984943,0.17367980449123482,0.18210306885023497,0.17061428080655094,0.17935960803686885,0.165671557288745,0.17026394795561117,0.16162197776958592,0.15503607711028325,0.14775279974997416,0.12997240541404995,0.130343537788363,0.1250381735308616,0.1507227094951232,0.13605961440588063,0.12486119480879415,0.13772423747267726,0.138653658329006,0.13691401137691245,0.13718360450418535
4,6.,630.957344480193,400.,10,0,0.1409154756823887,0.18784392229323676,0.17979322856439334,0.1885501970256728,0.18236506949588221,0.19066469440936168,0.18074033096329656,0.18949044409919566,0.17868321202171816,0.17942284292331243,0.1718723595624925,0.1672952601483949,0.16062689502083152,0.143260341871523,0.1439799905754916,0.13960327343226467,0.1657714147312002,0.15079920747190023,0.13886070620805646,0.1537631625789494,0.15125714930574227,0.15003700205526693,0.15118382267484265
4,6.,1000.,400.,10,0,0.1660805054322405,0.21757591222793748,0.2093443936574935,0.21641412047543904,0.21060354256613742,0.2202581308562919,0.214357845432606,0.22498867346149418,0.21904643215874273,0.21251919076561168,0.2033704300921281,0.20506037263806826,0.19598153902639434,0.18116748876325922,0.18135075259753342,0.1787143031243051,0.20533448506577248,0.18972631544792715,0.17833923948076078,0.19527434982387967,0.18826933673820553,0.1866221719171461,0.18736507910188732
4,6.,500,400.,10,0,0.13571849770130628,0.182335525963429,0.17400253046694805,0.1828953719405182,0.1766632601199298,0.18496190984394667,0.17401482167679133,0.18266703681131433,0.17014642436420477,0.1732340592206281,0.1652010622100814,0.1592407229840068,0.15244829289570314,0.134696433790425,0.13527587051150988,0.1303369729345464,0.15630471127589976,0.14150279619134332,0.1298347544670759,0.14367903055853923,0.14306427865372948,0.141619501263546,0.14237292205242866
4,6.,800,400.,10,0,0.1505710323526039,0.19891700960129122,0.1909461745835385,0.1991682519128421,0.1931125244107451,0.20177493952921238,0.193561033734048,0.20288368066392104,0.19438974584518398,0.19179073467938537,0.18407604377799255,0.18204561979561334,0.17472439226123285,0.1583343237334852,0.15896960146177244,0.15539702803621674,0.1817239218292501,0.1665086337044659,0.15465004735621812,0.17061671379466048,0.1658899135788917,0.1646550293338987,0.1658776719047485
4,6.5,10.,400.,10,0,0.12148685634352398,0.16168055717346966,0.1517019437005952,0.15575349781328618,0.152883343987671,0.16003116267919434,0.15401248412965646,0.16045213751833856,0.14980484288780416,0.14662941324385015,0.14144045799711813,0.14759106215362836,0.1356055481654855,0.12145083731593659,0.11807742938683567,0.11150513783291915,0.12690378207071296,0.11895524004998138,0.11442032468978583,0.11884487742125042,0.11909663121470657,0.12223156531666612,0.1223118668379437
4,6.5,15.848931924611133,400.,10,0,0.11873711827865664,0.15842177415872435,0.147926541449029,0.15324957643808562,0.14965585637262432,0.15633391169193958,0.15036714703968615,0.15608637404999562,0.1448779271416875,0.14346013910354746,0.1376526797153715,0.1433196631571699,0.13134870936847298,0.11675980670531444,0.11319766571460403,0.10736062235519134,0.12289276444953387,0.11475216583509548,0.10977368170283094,0.1143319508225852,0.11513736655643446,0.11795274026425646,0.11785963301777436
4,6.5,25.118864315095795,400.,10,0,0.11633777910774065,0.15565466356992474,0.14479847873550503,0.15122221984414005,0.14702296852713564,0.15325853272225565,0.14721845602271963,0.1524893666963627,0.14055716392170048,0.141073710681378,0.13448594093238275,0.139336554530436,0.12748223890659005,0.11235459900377522,0.10854116451306486,0.10354258491538285,0.11921454542618863,0.11090408090700991,0.1053365384435956,0.11005295287919316,0.11134412226381925,0.11373325886601054,0.1134229811794872
4,6.5,39.810717055349734,400.,10,0,0.11454960314271215,0.15364351799537357,0.1426360103035348,0.1498632502042401,0.14521222413961044,0.15110686832154996,0.14486090821447534,0.15000373047233045,0.1372451157417982,0.13974420891708933,0.13223067318493295,0.135999741295265,0.12440417566070433,0.10871658302985164,0.10462644931882963,0.10048518157411367,0.11636432192094284,0.10792270605770234,0.10163439195669759,0.10655885908618858,0.10815965847776074,0.1100406496642336,0.10946036050553663
4,6.5,63.09573444801933,400.,10,0,0.11355217330214201,0.152518814993327,0.14159640788652034,0.1492732697079878,0.14432358016923383,0.1500234048663845,0.14347714731560887,0.14874950793751401,0.13518297744190214,0.13954442371066977,0.13102778347812938,0.13358813761158939,0.12242081592293394,0.10623457776186586,0.101890855870733,0.09851114984053226,0.11472252414561306,0.10619106444756816,0.09908911945624553,0.10430931718174284,0.1059309563883885,0.10731559332458962,0.10641760972482897
4,6.5,100.,400.,10,0,0.11337454195312108,0.15220083126540257,0.14160559494059027,0.14941306041866528,0.14429244738744645,0.14992546048521402,0.1430506794584047,0.14855810303327166,0.13436361535455535,0.1402705006666094,0.1308165661444293,0.13220842976271416,0.12166306070363458,0.10506699765446723,0.10055159713982634,0.09772797282682819,0.11443101906677772,0.10584210912594136,0.09787383180589863,0.10351569993292933,0.1047797829683745,0.10583763409836233,0.10462410296794189
4,6.5,158.48931924611142,400.,10,0,0.11387489767420944,0.1523956053087906,0.14236106857203143,0.15010778900182184,0.14490425743854912,0.15050609218658012,0.14335267075395378,0.14900848142007936,0.13455816359096737,0.14146945116007828,0.1313614300564457,0.1318044679923943,0.12210360733533508,0.10513314479686119,0.10060034804274315,0.09807138274649754,0.11543077744520884,0.10680396529221854,0.09793108575361782,0.10414786269794334,0.10462345884912023,0.10570839880136396,0.10429888920283954
4,6.5,251.18864315095823,400.,10,0,0.11497590956616024,0.15290626525165976,0.14364913398671625,0.15132412265304976,0.14608433231235216,0.15155225527922414,0.14428528535506369,0.1498427044691176,0.13578697470934847,0.1428374093234672,0.1325950294563673,0.13256810143163666,0.1239311971077894,0.10654922574105992,0.10223902520548722,0.09979251233164198,0.11793827698244147,0.10928422049381577,0.09947722342516871,0.10642858457051238,0.10564687292000798,0.10725564164581074,0.10593920270732335
4,6.5,398.1071705534973,400.,10,0,0.11760951249191952,0.15484666698073982,0.1465404677251381,0.15421929907709503,0.14898174694508276,0.1541551527305307,0.14721498737372726,0.1524620227433607,0.1399770677668515,0.14565522897113226,0.13583192004523711,0.1364042703830285,0.12882051059691693,0.11115087914332328,0.10736221605243412,0.10500185064680433,0.12394182390168035,0.11525870163501874,0.10464710608737798,0.1124475428470946,0.10988214158412543,0.1124496053212097,0.11161462327231647
4,6.5,630.957344480193,400.,10,0,0.12630215593279365,0.16406959452023784,0.1566855988108495,0.16401886094627147,0.15893488450660223,0.16408337610603518,0.15858290779977918,0.16399567365120796,0.15507830399098435,0.15671834971760998,0.146953668169216,0.1505384316170381,0.1429774775569097,0.12602982870696333,0.1228730570698873,0.12100797564135443,0.1405608791642582,0.13173438987666267,0.12105355521414594,0.12968331457822369,0.12481294644233762,0.1280955152652545,0.12776452714118502
4,6.5,1000.,400.,10,0,0.1536084511164613,0.1973031421172969,0.19006116814382415,0.1952087153561,0.19070783048500944,0.19778521083149203,0.19571475883160672,0.20374746239527103,0.20030815314705258,0.19465915331372696,0.18142926389759895,0.19221287147316804,0.18126607376026724,0.167380946493172,0.16410595361328092,0.16337774891499943,0.18389802765794838,0.1742463345081546,0.16492118276793497,0.17447374231281176,0.16696552943625367,0.1692806934168196,0.1681582721634187
4,6.5,500,400.,10,0,0.1206124283165388,0.157788207305707,0.14996965801858303,0.15758659969958183,0.15239117671082072,0.15745169608663176,0.15102359822453523,0.15620347172514618,0.14518924236294928,0.14928129780506963,0.13966420264711465,0.14130786610155469,0.13398110969461627,0.11645064133622185,0.11299512972189144,0.11080141586877533,0.13006984618450146,0.12134853212323092,0.11055388654892863,0.11877551555621653,0.11512532976464986,0.11815708949630672,0.11762717740514088
4,6.5,800,400.,10,0,0.1368490267911479,0.17658101430544162,0.16944937535713822,0.17601480866024458,0.17116115145910996,0.17689237137835076,0.17288538348682644,0.17917187793935455,0.17295108692079111,0.17118249538069594,0.16036930893220333,0.16706424083122046,0.15837144271057052,0.14266907795605338,0.13962719024329273,0.1382808713568844,0.15817972831308855,0.14908016467689544,0.13891733099263548,0.14796933648412033,0.14177386376712123,0.14485655445338977,0.14439325934667685
4,7.,10.,400.,10,0,0.11234847370682943,0.14489513947514887,0.13820622774858993,0.13814168264706486,0.13946936147639657,0.14220373239255424,0.13870338143753494,0.14602001835880815,0.1358892960938674,0.13394570518736792,0.12581408968891164,0.13896146001519685,0.12540211502253074,0.11182749223175244,0.1045214710802925,0.10269598048613424,0.11059992594507036,0.10991579006084523,0.10658509423922863,0.10588762424239775,0.1035306585801364,0.10767708056098196,0.10942511614206074
4,7.,15.848931924611133,400.,10,0,0.10982428336868724,0.14159335647477114,0.13462314800985156,0.13568719679669497,0.13606313443611237,0.13835132640102432,0.13525513916945875,0.14147585280978517,0.13091915374977114,0.13044517628486138,0.12207617783940311,0.13494774521578104,0.12131926065564493,0.10739667147827052,0.09998346632354599,0.0988224599038498,0.10680540653954991,0.10598244907457259,0.10244219801085482,0.10190526019065495,0.09975969685185292,0.10373402073935088,0.10541213467103065
4,7.,25.118864315095795,400.,10,0,0.10760412099082703,0.13874868858907707,0.1315863000608443,0.13371594508369586,0.1331966650208057,0.135045855856837,0.13228136515733868,0.13760749429480076,0.12646260432605153,0.12762542026021018,0.11894737532286856,0.13113634326040347,0.11757123600477039,0.10318568609779119,0.09561298364958486,0.09517798890321644,0.1032463742021186,0.10228285384884353,0.09839851087027925,0.09810390213253713,0.09607115669312244,0.09982917305952567,0.10132573927503967
4,7.,39.810717055349734,400.,10,0,0.10595461454328856,0.13666510113574976,0.12944417961173146,0.13243903919371916,0.1311532739817728,0.13264260528504815,0.13008603585368977,0.13483453230731185,0.12297497089997439,0.1258298973096922,0.11676369073445507,0.12788131291003638,0.11457725305638408,0.09968371824984569,0.09194947323936353,0.09220569891609799,0.10044285607923818,0.0993422687336624,0.09496892675320152,0.09501770341625418,0.09292838573418452,0.09644424025816511,0.09760879538758596
4,7.,63.09573444801933,400.,10,0,0.10504875277443647,0.13548874149598908,0.1283790944472318,0.13194847850178204,0.13005747513605867,0.1313175961976624,0.12884057422105138,0.13332218593096756,0.1207310212510508,0.12518672923611865,0.11567107465816492,0.12546767504418585,0.11265551615690537,0.0972922954608751,0.08945885851792053,0.09024397335314752,0.09881522450038654,0.0975795811317097,0.09259713810681107,0.09308748066697965,0.09071749410375626,0.09404745383258219,0.09471647628560942
4,7.,100.,400.,10,0,0.10490990859220214,0.13513734025773025,0.12834172626682233,0.1321876429998013,0.1298520781253129,0.1310027496236735,0.12851505336377175,0.13291127856259127,0.11974371038377343,0.12553584226184697,0.11557516411769099,0.12403337118323143,0.11194169688883947,0.09618373393757605,0.08837098906543843,0.08940727797445176,0.09852337817013002,0.09716243583070788,0.09149839678807527,0.09247866263289534,0.08958855246175788,0.09294614286476029,0.09300397631266233
4,7.,158.48931924611142,400.,10,0,0.10539915368186208,0.13530207640212163,0.12905608128803156,0.13296766496380577,0.13032886904950994,0.1313958331540777,0.12887113325536956,0.13316409600666157,0.11980086308032661,0.12646437984571504,0.11617435362318876,0.12358135139749236,0.11240756902912126,0.09628358657468616,0.08865471192563795,0.08961663483695545,0.09947892344727105,0.09803481086548269,0.091661956340182,0.09306877629780759,0.08945462541217127,0.0932540647032822,0.09271663524208913
4,7.,251.18864315095823,400.,10,0,0.10645865759925008,0.13578935911351253,0.1303576985949739,0.13427096934002095,0.13144817574633988,0.13231754161871737,0.12982702826803072,0.13382431933340197,0.12098530993339121,0.1277516007737471,0.11733255954688025,0.12440530011106825,0.11425597988334847,0.09772760847894865,0.09048934456521568,0.09111032758564674,0.10186780225091811,0.10042508654501323,0.09336935406366464,0.09497404488775302,0.09051688134803584,0.09532616303094356,0.09439844736683174
4,7.,398.1071705534973,400.,10,0,0.10911397824490691,0.13787269370329802,0.13349672517969616,0.1374135887182233,0.13453129057713176,0.13508736603673893,0.13291331718326488,0.13648222285519546,0.12551357889584355,0.13097467719596345,0.12042260369800407,0.12863147537626232,0.11927817293804015,0.10249542213371418,0.09590298150301592,0.09611395240559902,0.10784629377730272,0.10644503340912514,0.09891728649625636,0.10033928148280226,0.09506967615056122,0.10130297007146082,0.10030273130886863
4,7.,630.957344480193,400.,10,0,0.11821077407428258,0.1480586389692266,0.14466777170014014,0.14818468749679842,0.14545784106477877,0.14626716011116492,0.1451671333597709,0.14901421931997968,0.14211449734630732,0.14373435757901815,0.1318408209929825,0.14390979223865988,0.13404636993263105,0.11810757218306013,0.11229417807441876,0.11238361290850388,0.1252087230624384,0.12349819675110182,0.11622128591035238,0.11723610477850759,0.1113833638531151,0.1184110241067748,0.11731866450365505
4,7.,1000.,400.,10,0,0.14679058127238526,0.1841055142205034,0.18055729158754674,0.18194462516902807,0.17973909998909596,0.18342953806259202,0.18471533193415557,0.1916975806182297,0.19054591318856437,0.1853984539265699,0.1679829245911625,0.18767821256998413,0.17381210911608247,0.16105320288977565,0.15534931278703384,0.15587068262832865,0.17070470520737765,0.16741330113666128,0.16151624883281718,0.16282645388593694,0.15638436913686787,0.16187033091374187,0.15948234754302174
4,7.,500,400.,10,0,0.11223646170497792,0.14111910186826132,0.1372837628535537,0.14111365150400157,0.138271142042255,0.13878794500296673,0.13700956977118237,0.14052239923366208,0.13125939777025925,0.13520821001895808,0.12428672035118457,0.13397724940504988,0.12464850646623539,0.1080521342607812,0.10185657047215754,0.10194601934423336,0.11418538110399233,0.11272188369997226,0.10518603639281539,0.10639701853387162,0.10080355008145037,0.1076202779420449,0.10663080756227307
4,7.,800,400.,10,0,0.12929070798925646,0.16176016639783908,0.15853144593654314,0.16127610627207753,0.1587683378044052,0.16056074806359114,0.16051336037448657,0.1654548537234117,0.16146347599032684,0.1598896743896375,0.1459117822980957,0.16142393013318418,0.15009530015239045,0.13548208122122263,0.12989292519837867,0.1301390635720255,0.1437768831533523,0.1414790310889985,0.1347856998633867,0.13578057535691584,0.12968166984593285,0.13627763920196115,0.1347674798161198
4,7.5,10.,400.,10,0,0.11165951116415397,0.1389403158549245,0.1386656692787123,0.13277757088724693,0.13920225035094638,0.13684202383025015,0.13541352702926693,0.14549147593514739,0.13637412395968715,0.13430786135602435,0.12440785493524925,0.14221046690248476,0.12648905678577285,0.11376052233558087,0.10522273722574571,0.10733870295189708,0.10949267833142896,0.11545912910527019,0.11447079114010325,0.11051995972320466,0.10669598945587744,0.1102277527088956,0.1141001514095169
4,7.5,15.848931924611133,400.,10,0,0.10947583181752758,0.1357681641117538,0.13561462118431397,0.1305078504741786,0.13588939456962237,0.1330754170901043,0.13229295650538847,0.14118628020903476,0.13177373143003415,0.13078245955017187,0.12104038126647855,0.1387379185272678,0.12285847425850174,0.1100022520435914,0.10160255450051618,0.10416248272552481,0.10639765730595346,0.11223208020139284,0.11132874346089901,0.10753681774462702,0.10370882870116502,0.10709381672149794,0.11103951128389777
4,7.5,25.118864315095795,400.,10,0,0.1075326280719529,0.13298168575777242,0.1329942896519734,0.128699481757955,0.13301093007930997,0.12974542087425922,0.12961116851712187,0.13740913509146743,0.12756450822998386,0.12777295374761719,0.11822039541335128,0.13539967936306652,0.1194982847660425,0.10642185570005899,0.0981401267240947,0.10113113497732175,0.1034617765918592,0.10913221481887952,0.10823034338716259,0.10470450772097588,0.10076818991468538,0.10401211218964944,0.10789417885501362
4,7.5,39.810717055349734,400.,10,0,0.10609310774434993,0.1309169155116265,0.13114189963309156,0.12758394858131927,0.1308939274216105,0.127244136456343,0.12767841914534248,0.13461601802842527,0.12421491160406178,0.12566274789923135,0.11630031911867496,0.132517442709642,0.11681828746810535,0.10346277553365091,0.09530832103328858,0.09862955887073786,0.10114027733998915,0.10661496250585428,0.10559265007036955,0.10244757226550769,0.0982657327261659,0.1014062139577539,0.10501948844130848
4,7.5,63.09573444801933,400.,10,0,0.10531590670934189,0.1297315642297005,0.1302307373757602,0.1272398223491918,0.1296847426984394,0.12576560330667896,0.12664024870685325,0.13299882343193972,0.12199891197411988,0.12462335176857899,0.11541203701857337,0.13034391197511955,0.11511598515654141,0.10147523123546803,0.09349815727512363,0.09694670221855259,0.09980282694335281,0.10505471652725207,0.10378266981321163,0.1010899089542325,0.09652612562602075,0.0996776464413545,0.1027798586262745
4,7.5,100.,400.,10,0,0.1052107148922724,0.12934148399576292,0.1302224351292604,0.1275848481365134,0.1293348230430919,0.1252510478841212,0.12643644972233425,0.1324158855702454,0.12093142095151214,0.1245520826017479,0.11542517234213458,0.12901397891120425,0.11450696885865685,0.10059916266633083,0.09287742098778579,0.09616935423483054,0.09957781180985863,0.1046120854003918,0.10299106724919024,0.10069866931556377,0.09566793723646576,0.09908203853707795,0.10145847665705318
4,7.5,158.48931924611142,400.,10,0,0.1056444002945842,0.1294391967884676,0.13088751995375816,0.12841917885016166,0.12965586625815684,0.1254206886896864,0.12682149972092444,0.13245229071955747,0.12082912730153239,0.12512153349149074,0.11599425579072582,0.12857440208615836,0.11495556716435373,0.10075995059105691,0.09337661246940475,0.09620767709271355,0.10035110494579287,0.10525246909097676,0.1032387762489803,0.1010727133792996,0.09560126923116062,0.09970997881551621,0.1012548556462076
4,7.5,251.18864315095823,400.,10,0,0.10658169067324581,0.12984867688396826,0.1321316855615382,0.12973935231304035,0.1306471144024241,0.12614844345111978,0.12772969045074278,0.13288109780498691,0.12182775306963212,0.12623054351332408,0.11692102902494299,0.1293889111042439,0.11665758410492676,0.10209501747099496,0.09512501335896352,0.09725323847428607,0.10225517649840773,0.10720324272801639,0.10482617861271049,0.10220186170317101,0.09650035881648798,0.10188763563646253,0.10265214343089489
4,7.5,398.1071705534973,400.,10,0,0.10907201014842388,0.1319252769630763,0.13526716472566605,0.1329240428677193,0.13368795541437287,0.12889598469043032,0.13073244575049314,0.1353329146559378,0.1262012179536491,0.1296308096111324,0.11947938251857938,0.13361139852913195,0.12136444155827472,0.10650863991699505,0.1000031150860677,0.10134994337112949,0.1073512197675861,0.1124603945350483,0.10987536515027566,0.10593672980267249,0.10049220279915635,0.1076189808103781,0.10773007413167905
4,7.5,630.957344480193,400.,10,0,0.11798551922490001,0.14244909411249884,0.14648767710386953,0.14394204450145942,0.14473670152241663,0.14058310767396676,0.14297513852397,0.14777121348938935,0.14271882050742393,0.1431343699281823,0.12999810956097105,0.14875939673625996,0.13556856049995647,0.1213265726339906,0.11517743698282155,0.11597427733697131,0.12344469072392092,0.12818193183779653,0.12579284526718754,0.12002915329679516,0.1155174515997198,0.12382374661673129,0.12310134421810126
4,7.5,1000.,400.,10,0,0.1464141469528882,0.1795462889345056,0.1823627297789057,0.17839812996966564,0.17933901265669402,0.1791486066263362,0.18274329999068567,0.19058552873955753,0.19113731610593288,0.186021295084462,0.16511768550431505,0.19203980149530936,0.17455174537319215,0.1630515875055308,0.15650875225995056,0.15731557456837236,0.16770668782784262,0.1702601114661183,0.16867451827584243,0.16226974650452322,0.15863008894555625,0.16567358100386123,0.16295758974906255
4,7.5,500,400.,10,0,0.11210384605099698,0.1352683700205382,0.13907676625515591,0.13670336766757363,0.13746272025256226,0.1327495638375529,0.13480329143272096,0.13930433853389082,0.13189573367927238,0.13415288297631636,0.12294044991947663,0.13892505380129824,0.1264907259877772,0.1117390483700901,0.10544744460599602,0.10646823951622321,0.11309555017228679,0.11816186493350979,0.11560401858151666,0.11075126975532772,0.10569468551732111,0.11359076562306443,0.11335717856111419
4,7.5,800,400.,10,0,0.12897916856791172,0.1565989160747301,0.16036151334803103,0.15733060813354668,0.1581923915044031,0.15549292554133046,0.15840157553281825,0.1642498357355575,0.16205429206294195,0.1598928537437109,0.14352416201098744,0.1660711603549847,0.1512278068513745,0.13809957377081364,0.13190750887544983,0.13263237054515858,0.1413333560204488,0.14524381093813865,0.14319619340639822,0.1368175952630316,0.13286805109680283,0.14091920910409328,0.13939684432767072
4,8.,10.,400.,10,0,0.11933566316529737,0.14498773351446748,0.15276124503924463,0.1409226051574434,0.1519304354767281,0.14518449348189447,0.14490556506781554,0.15875571384542642,0.15091467152914131,0.14738282995595126,0.1374846592602314,0.15633163417630547,0.13841354349690663,0.12650157832686115,0.11971075784041947,0.12365337642788289,0.12298062738013263,0.1310193471257779,0.12807655040483815,0.12276074891941176,0.11808249052035415,0.12133115919710052,0.12531586151544113
4,8.,15.848931924611133,400.,10,0,0.11755762074946335,0.142152145784114,0.15040790503755552,0.1389694683749722,0.14897487625583544,0.1417869486152152,0.1421955968971949,0.15504358463071213,0.14699072320977816,0.14414911019158827,0.13471251701243164,0.15351986333297032,0.13539589029726942,0.12359870217729389,0.11721065194894333,0.12129250294169104,0.1208005157602672,0.12858131263045455,0.125799855906574,0.12066232999819683,0.11588933265659265,0.1190031188172235,0.12309970914506324
4,8.,25.118864315095795,400.,10,0,0.11594094116840196,0.13959462773809633,0.14837117776667166,0.137408212436218,0.14631643124266652,0.13868738719099521,0.1398479341426848,0.1516898428497498,0.14331783313820656,0.1412453649665172,0.13237302054825803,0.15078917537862183,0.13257085541977867,0.12083705956328589,0.11485950800749027,0.1190052768995121,0.11872568710459094,0.12618643019744788,0.12353854735420859,0.1186812709415604,0.11371939270681333,0.11672277518319181,0.12080406467080107
4,8.,39.810717055349734,400.,10,0,0.11473447692644924,0.13766180635109743,0.14695226273819922,0.13648630573005843,0.1443004129349722,0.1362863783346782,0.13818058354679086,0.14914018181110625,0.14034168216766552,0.13905852487768477,0.1308051644741385,0.14842066495509312,0.13031679853626402,0.1185883127798926,0.11301840443564452,0.11709378483745518,0.11709789605426801,0.12419495474735653,0.12162028631628105,0.11713956446519731,0.11188242424435287,0.11483895435038183,0.11870133289542766
4,8.,63.09573444801933,400.,10,0,0.11408651355380987,0.13652160451602624,0.14630128679644774,0.13628038848335464,0.14309486948998096,0.13478742184876177,0.1373264411036377,0.14759650354283307,0.13832059859057272,0.1377862223127196,0.13012672159780553,0.14662302124368828,0.12889910595618706,0.11712904111063473,0.1119654162998193,0.115780415011542,0.11618808250624942,0.12291312860830111,0.12033849648982374,0.11626388337122733,0.11063440633908976,0.11367433409231792,0.11706716956697664
4,8.,100.,400.,10,0,0.11399812646115794,0.13609717716758218,0.1463819094152437,0.1366923386381282,0.1426667453536988,0.13414229174266543,0.13720286593223693,0.1469431139695955,0.13726755608371635,0.1373807521494317,0.13019255330116025,0.1455070661777538,0.1284076078511761,0.11655240051213296,0.11179262421224172,0.11512063393713791,0.11607130535097711,0.12248100918784456,0.11985262068960482,0.11605512090726358,0.11006526863304718,0.11342646709845979,0.11611096251446003
4,8.,158.48931924611142,400.,10,0,0.1143457567982357,0.13610347234815318,0.14701232316028498,0.13752045449266914,0.14285579861095332,0.13410864273644188,0.13756556751517499,0.14681841372847135,0.13703217255539307,0.13761458091523315,0.13065224377853552,0.14513838740153076,0.12879886544813818,0.11678300267728807,0.11240874950279561,0.11502383568416893,0.11662129733915574,0.12288355781106508,0.12019819574934013,0.1162757194071482,0.11009949207011992,0.11416281728647423,0.11598157833091072
4,8.,251.18864315095823,400.,10,0,0.11511143900215902,0.13639182404082534,0.14816011202589033,0.13876573076275808,0.1436885800636887,0.1346152148236315,0.13835658695421985,0.14703905980069742,0.13777159584031157,0.1385011719618854,0.13126892497673087,0.14590327003840842,0.1302421500337159,0.11794291949431165,0.11389249273649751,0.11562272977456517,0.11790625290032712,0.12432930758103201,0.12166528802281239,0.11682531546523578,0.11089324862265122,0.11616737480509848,0.11708287283065004
4,8.,398.1071705534973,400.,10,0,0.11729082497183994,0.1382755834362749,0.1510690062633414,0.14173446657542496,0.1464656019065994,0.13710613785271178,0.141039783210015,0.14910711750820071,0.14157020258887756,0.14178528452498287,0.13308301808110948,0.14981744224711036,0.1343118583164412,0.1216985267460329,0.11779185589711978,0.11860075022311972,0.12164877765124364,0.12856235870872337,0.1261353498508607,0.11919291271736862,0.11430105413982174,0.12121372480753212,0.12123681482375562
4,8.,630.957344480193,400.,10,0,0.12547721168909556,0.14827325417942278,0.16142922612900393,0.15208498286284966,0.15673465930623856,0.148225567851429,0.15231533466282157,0.16036346315340544,0.15650844364564956,0.1548494789878056,0.14173356507928556,0.16383388613752933,0.14700478780040419,0.13466449153404167,0.1304072650086066,0.1305429316674703,0.13490034342823645,0.1420693750783277,0.14031231133265978,0.13033544837771935,0.1274981814936348,0.13564745381476298,0.13451668486438237
4,8.,1000.,400.,10,0,0.15236301299492627,0.1841360087024249,0.19494841734477342,0.1849796056421731,0.18938684960488525,0.18548117680804443,0.18994556322329537,0.20042357911404202,0.20181501374904728,0.1962415214748532,0.17319206032969234,0.2045334266676428,0.1832036679371818,0.17290467781830243,0.16721224748060168,0.167294216700272,0.17472807374295765,0.18038394996175047,0.1798425063825704,0.1679574366693694,0.16719863089202985,0.17436609573150544,0.17095958019331364
4,8.,500,400.,10,0,0.12004368818739133,0.1414278474589602,0.1545882654951638,0.14527157732903226,0.1499627701347763,0.1407488727942112,0.14475651893580807,0.1526564193852384,0.14666820358376223,0.1461808611545528,0.13582181957229905,0.15472716122464925,0.1388407216943914,0.12621877435973797,0.12223160767852789,0.12265132725345566,0.1262211927420147,0.13336749034512965,0.13120354241910637,0.12279734305348596,0.11881188061511778,0.12648681242103754,0.1260104895819694
4,8.,800,400.,10,0,0.13578437342837713,0.16187937818117548,0.17430399995433815,0.16478911671686744,0.16935131711074256,0.16255944797850347,0.16678240008700887,0.17561581550494065,0.1743976650986735,0.17098675955076711,0.15357851597268368,0.17999253863465112,0.1613701796928946,0.1498019169581086,0.14498402883663494,0.145001024568701,0.1506217737936383,0.15734151883437528,0.1561520047049099,0.14485920216332177,0.14322912304694219,0.1512599076667719,0.14917156839226972
4,8.5,10.,400.,10,0,0.12515495616652578,0.1534782639120035,0.1648260757944722,0.15118263486798042,0.1637595707494051,0.1543245875851734,0.15545766020700028,0.17146792127474153,0.16436451451410317,0.1599559759129979,0.1505683710909632,0.16744094409320306,0.14840552580795924,0.1373260253957569,0.13271997304801014,0.13630448486197605,0.13132649150088818,0.13628309889583431,0.13555646463122017,0.12885030462403438,0.12188037504894772,0.12702312505067614,0.12758865906586506
4,8.5,15.848931924611133,400.,10,0,0.12368578726119935,0.1509985099150247,0.16299685159096197,0.14945657708775378,0.1612209476373462,0.15120442612106727,0.15290061363946206,0.16820305198411312,0.1609523861695838,0.15708566995033046,0.14818079072789175,0.16502151835495824,0.14578562309210744,0.13496044121984013,0.1308453647544923,0.13448557512103224,0.12980464087708884,0.13439159120463828,0.13378800432918148,0.12735690110926706,0.1201794612104161,0.12525537962732458,0.12584953856858497
4,8.5,25.118864315095795,400.,10,0,0.122316373832613,0.14870107538053587,0.16142613981547524,0.14803927905146058,0.15887676968319528,0.14824394689400044,0.15060517275434857,0.16515381319489983,0.15766726083715185,0.1544247376821669,0.14610913012810953,0.16265579938028538,0.14328333131095858,0.1327040661582068,0.12908769477085452,0.1327031318054995,0.1283810731689256,0.13249552153208613,0.13202752955986138,0.12597687410521774,0.1184874491423266,0.12352501667903304,0.12403432575591827
4,8.5,39.810717055349734,400.,10,0,0.12129361170752517,0.146943681823437,0.16040843506976593,0.1472083329770168,0.15708393620266753,0.1458677955642278,0.1489408725625134,0.16277715602717865,0.15495473909337162,0.15236832461880248,0.14470322917743494,0.160630303976057,0.14127323279872253,0.13090359331654836,0.12775612917802842,0.13121699187280858,0.1273319962936772,0.13089754544592375,0.1305652742848825,0.12498270668866826,0.11707730988357241,0.12213445741932395,0.12237902065000701
4,8.5,63.09573444801933,400.,10,0,0.12077802443409373,0.14591826993555276,0.16009337417198388,0.14706995614657023,0.15603702903552155,0.14432381131848798,0.1480921680621306,0.16131815934640253,0.15309436358506773,0.15113768392717325,0.1441054444423776,0.15915011684667424,0.14002384583146837,0.12981098176761854,0.12708721189577912,0.13021952085064764,0.12686872782086966,0.12986937064471263,0.1296671258711135,0.12456036505088074,0.11618540337197379,0.12136310053584348,0.12112088594434783
4,8.5,100.,400.,10,0,0.12077291843408954,0.14555813771839715,0.160436370711025,0.14752819889911853,0.15571203270080947,0.1435966265154544,0.1479951288368519,0.1607031227738427,0.1521154506005496,0.15070346178838467,0.14418164159717128,0.15830713363131033,0.13961620705098546,0.12949323901563345,0.12715161281186058,0.12974782507751637,0.12702295583562617,0.12954409148360174,0.12947817900325334,0.12468446787064345,0.1159078301914606,0.12137341007081076,0.12043130388154341
4,8.5,158.48931924611142,400.,10,0,0.1211479560124049,0.1455800899007301,0.16125441790997008,0.1483715346071599,0.15594510570753825,0.14347776863090567,0.14841034699299693,0.16061222791384877,0.15188512468648144,0.1508597683660062,0.14458070367860953,0.15815096469578424,0.13998667890835906,0.12985612926414392,0.1278620854948322,0.1296969274441223,0.12763647801327163,0.12991816603932266,0.13003066355667162,0.12510352707709524,0.1162029101558274,0.12220978997204744,0.12042449743817933
4,8.5,251.18864315095823,400.,10,0,0.1218702441984086,0.14582209089976722,0.16251291794100692,0.14958309356386054,0.15674298343641832,0.14393745267521035,0.1492780410602087,0.16088996460403912,0.15255798636864304,0.15162728630577113,0.14503330522982974,0.15904354434298584,0.14125454823235872,0.13097916287815722,0.12928204568932564,0.1301374288656144,0.1287034656072784,0.13119556547633307,0.13158913924886642,0.12567746092882792,0.11726129505046164,0.12411771199410888,0.12145601234282573
4,8.5,398.1071705534973,400.,10,0,0.1238629665735012,0.14748159704100897,0.16535066072009647,0.15236864973508044,0.159285641899678,0.14639476537776397,0.15196331305247476,0.1629304474693283,0.1560532175380358,0.15462164853718374,0.1463978472075197,0.16286377573377736,0.14482769525687053,0.13432745748005903,0.13276708685148927,0.13248677296770345,0.13169045082248929,0.13502412267701874,0.13588396333558475,0.12771064363735046,0.12087867561016809,0.12873077001973873,0.12523641817499812
4,8.5,630.957344480193,400.,10,0,0.13147463738964835,0.15666343366343852,0.1750079398107279,0.16202548552533738,0.1687024064622005,0.15719641991553499,0.16273465452099925,0.1735219600912269,0.16985755146719028,0.1667134584951249,0.1537269575397245,0.17611787278329752,0.15628911825044553,0.14594727762861795,0.14399328182428164,0.1426413485319285,0.14307077266679366,0.1476217397433362,0.14919689235109473,0.13765293737460993,0.13390241804646705,0.14206749001284208,0.137639076417912
4,8.5,1000.,400.,10,0,0.15704577047657342,0.1905632745023882,0.2064028012806303,0.19315508825153124,0.19923160708563722,0.19329008347783233,0.19866316748794194,0.21137880720588526,0.2125488941758362,0.20579449190229895,0.18217619319128975,0.21481750316438852,0.19012773102237884,0.1813782376977728,0.17776651495675538,0.17587943253000757,0.17962614050611525,0.18432581089430353,0.18678301345463477,0.17281264209391436,0.17262353987654627,0.17883223275729193,0.1726594849640638
4,8.5,500,400.,10,0,0.12640435380865034,0.15034534251843504,0.16864951768917955,0.1556632767091494,0.1624807992732954,0.14995106318969217,0.15553989025222173,0.16629059498192453,0.1607495285042594,0.15867192722198029,0.1486495743002464,0.1675222635658957,0.1488740216095188,0.13834818988597433,0.13669825358345758,0.13585497695902649,0.13551915590626318,0.13946406076929266,0.14064673568464417,0.13087241157417487,0.12538480707659302,0.13356860362576156,0.1296513955869686
4,8.5,800,400.,10,0,0.14120529129222925,0.16940784932824401,0.18699946513604637,0.17397230328099839,0.18040677430504837,0.1710574639051966,0.176494996097833,0.1878567586758922,0.1865781049870327,0.1818319147053494,0.1642481127045845,0.19140945627342779,0.16957309269848578,0.15980553175966059,0.15720679282694605,0.15548033732131802,0.15723919406464584,0.16213941883238853,0.16416160438438598,0.15104087799747626,0.1492320742599392,0.15676163270837284,0.15161008450813376
4,9.,10.,400.,10,0,0.13422982449571597,0.16502632701532927,0.17424906399801815,0.1634030419334697,0.174723245720996,0.16422049383649298,0.16923754246370049,0.18256655987940765,0.17639954729744,0.1737787355320789,0.16142322110841142,0.17589292254243896,0.1561482917471958,0.1493175943835181,0.14277636290283155,0.14670263701844374,0.14765170457274016,0.1508692471427044,0.15623674918169744,0.15027181111477678,0.14261170996311442,0.14650777426970055,0.14615555207656714
4,9.,15.848931924611133,400.,10,0,0.1330893120255301,0.16292587748932283,0.1728370867720641,0.1618465387283324,0.17266928395765305,0.16132865376261973,0.16671431309771864,0.1796047493939381,0.17341754794133732,0.17135939714589155,0.15927137865789087,0.17367755240316193,0.15380120494898486,0.14728954591441235,0.1411931183728213,0.14530319786878532,0.14673590447687998,0.14957207083149637,0.1549918583780907,0.1493704068584108,0.14150035969431654,0.14534530207278215,0.14496595619693414
4,9.,25.118864315095795,400.,10,0,0.13201215407124092,0.1609298745219378,0.17166408461460253,0.16050437058066722,0.17074796181281685,0.15845801287419262,0.164314917439648,0.17672944627117443,0.17045860406718896,0.1690806899540178,0.15732015335369923,0.1714881535019315,0.15149760294231565,0.14533225793792726,0.13967900980185105,0.14393744504276615,0.1459330180783067,0.14826154181641998,0.15375055420239178,0.1485794998494203,0.1404045414712675,0.14422142588776718,0.14372163519872147
4,9.,39.810717055349734,400.,10,0,0.13123742536801944,0.15939975666213846,0.17103941298409778,0.15968451894312055,0.1693135901578004,0.15605757647313534,0.16247170155775403,0.17442522676146544,0.16797445415956375,0.16734208841438566,0.15594303862520084,0.16965265946478483,0.1496218461047513,0.14379622523215835,0.13853321091531642,0.14284779236658623,0.14545956990298095,0.14717111411489606,0.1527498178918478,0.14811117065634738,0.13953782306381,0.14337433703579472,0.1426075998272654
4,9.,63.09573444801933,400.,10,0,0.13094692901891974,0.15856401871861073,0.17113966539760586,0.1595510987709741,0.16858535632931243,0.15445130681695804,0.16147766839255429,0.173020686030344,0.1662929138800659,0.16639024188506932,0.1553409438377699,0.16842205670825808,0.14847450294653886,0.14295147440516312,0.1380057333813214,0.14222127427653022,0.1454747816012976,0.14652144444122484,0.15221757858400567,0.14811110525127222,0.13909564274718855,0.14302793157145738,0.14181084528242766
4,9.,100.,400.,10,0,0.13116271464412313,0.15838051969856615,0.17191925730550137,0.16004188368163352,0.16854507428272011,0.1536956754121722,0.16135426565864922,0.17252199891718997,0.16548489426726656,0.16619638695451347,0.15542309371281954,0.16789662335338476,0.1481498997727955,0.1428680935586264,0.138192454550066,0.1420878704376158,0.14597531485560572,0.1464255558641961,0.1522833763733763,0.14854637468505008,0.1391692346889428,0.1433064127425246,0.14145759688128443
4,9.,158.48931924611142,400.,10,0,0.13174782923088454,0.15855799038825472,0.173160861491753,0.16094160069741759,0.16899919064373772,0.15363138569747561,0.16190286639203458,0.17265914246330036,0.1654329945245365,0.1665142974533726,0.15584891932868877,0.16809216607092117,0.14855868231706623,0.14342817488859005,0.13903693794217475,0.14231912536697658,0.1467796107603283,0.14688443316559524,0.1529787646655111,0.1491856872549901,0.13974858233249193,0.14423185589444776,0.14162006705608
4,9.,251.18864315095823,400.,10,0,0.1326264020549296,0.1588800247628512,0.1747664124416286,0.16219710458346365,0.16988613380953016,0.15426428338175452,0.1630670464286816,0.17329471462337662,0.16626993468208326,0.16726352244282894,0.1563224960644543,0.1692975392398016,0.14974400965962195,0.1446383201665607,0.14061898994984828,0.14290998977818833,0.14781114169830145,0.14808062883916567,0.15452655998170112,0.1498738248077941,0.14102835366241714,0.14599244797542815,0.14256857140298151
4,9.,398.1071705534973,400.,10,0,0.1345798160904015,0.1603468296645369,0.17771689561040777,0.16488440449068775,0.17221162161594478,0.15697915181125358,0.1661021520486943,0.17573331298433287,0.16975542398903656,0.16977784687237396,0.1575696027426512,0.17321899436709887,0.15293360680576285,0.14773284239372106,0.14420704993487302,0.14503404765306677,0.15022949202916125,0.1514687575402631,0.15839613534278854,0.15163856883329146,0.14454873667368998,0.14995536102705032,0.14572273010260853
4,9.,630.957344480193,400.,10,0,0.14154472156322978,0.16847894932377647,0.1868119835110138,0.17389262868656585,0.18065059116845042,0.16780055909473485,0.1767803709985447,0.1862983392943032,0.18284114534760074,0.18022929747189437,0.16420152918219785,0.1859481949998938,0.16333472280039468,0.15815857861310964,0.15508074184506895,0.15396543233513799,0.1596358500396866,0.16266383704790027,0.17008107372591924,0.15989787271626116,0.15620817777049453,0.16138187459532388,0.15620355463149888
4,9.,1000.,400.,10,0,0.1652064838847547,0.19963944855802257,0.21623220286077874,0.2031347452954748,0.20876253969630315,0.20297815099377894,0.2112044719020924,0.22277053597290952,0.2233775734042136,0.21573988519122594,0.1906053103980306,0.2229666900664936,0.19507354314140274,0.19075789014898706,0.1873763047862497,0.18426689455284836,0.19182687830123604,0.1962834359283755,0.2038504314067526,0.1904556223285073,0.19109084414070351,0.19411475993138658,0.18720553503412385
4,9.,500,400.,10,0,0.13691822943709173,0.16285568347476104,0.18086622067487967,0.16796876348691372,0.1750616256511306,0.16061437882135607,0.1697439048021936,0.17918700699866022,0.17423713478890268,0.17322340404585265,0.15959506953803104,0.17773352119421315,0.1565705758064561,0.1513342748959162,0.14806298653707822,0.1479774582842539,0.15333673728202768,0.1553906838627986,0.16257691302409896,0.15424972728700398,0.148630154953223,0.15407363983926392,0.1494142752503079
4,9.,800,400.,10,0,0.15047594265158526,0.18004341374695346,0.19799790634218908,0.18505298234397027,0.19131532804881654,0.18134338238391146,0.1899916159932977,0.20013721483347757,0.19864532992408443,0.19374967147394231,0.17387200440683573,0.20053161992397756,0.17566442748471864,0.17076814802749724,0.16770008259789682,0.16551038304286897,0.17185303048292327,0.17580848727365056,0.18336879979964318,0.17131118453488617,0.16988248069598885,0.1742683426828903,0.1683659053924224
4,9.5,10.,400.,10,0,0.1597948657702669,0.1905618482944456,0.19870257400133484,0.18986698372951505,0.2002077825649862,0.1898179879132896,0.19918859960448113,0.20765102125418136,0.20309629889456715,0.2029809138098765,0.18470635627587115,0.1980754182947785,0.17641126660892573,0.17655909243189472,0.16503825768206146,0.17126853160679503,0.17753272102412937,0.17694018603078004,0.1869467174326114,0.1830943223347463,0.17585543541216778,0.17653432362800164,0.1774986467515544
4,9.5,15.848931924611133,400.,10,0,0.15903419872958105,0.18890199112374548,0.19770801361428064,0.18856599796529533,0.19866725865903173,0.1873685531560607,0.1969222925900477,0.20514582338416007,0.20066966839005082,0.20108204935926707,0.18289941054445003,0.19618993639200455,0.17447442465900895,0.1749485843829253,0.1638165841453911,0.17029971201734648,0.17708677105158102,0.1761541890487619,0.18612217717350063,0.18261812517491985,0.17521031234441173,0.17584854448254078,0.17675242186139709
4,9.5,25.118864315095795,400.,10,0,0.15830799560515593,0.1872632087250196,0.19690816936001582,0.1873721787984431,0.19719386158269023,0.18481790786505975,0.19462714419722213,0.20260262052164138,0.19817096586624228,0.19924196615596576,0.1811731854291939,0.19427720556592362,0.17250620781908235,0.17335361672010985,0.16262099144881303,0.16935985494148068,0.17676115677838017,0.17536611790672776,0.18529665325712372,0.1822456982433977,0.1745919744238351,0.17520562814119342,0.17597146973766614
4,9.5,39.810717055349734,400.,10,0,0.1578122619358133,0.18596799006561188,0.19659535125735095,0.18658026955758555,0.19610291448146566,0.18257576418341362,0.1927220408625549,0.2004739742820254,0.19600714498742486,0.19782251355049102,0.17987920098129487,0.19266393373099672,0.17085564662727692,0.17209065634586004,0.16171393904430134,0.16865524635818283,0.17671786399307834,0.17474473149862343,0.18465378763570303,0.18213788111243573,0.17416017613946763,0.17478517252063844,0.17529294879605004
4,9.5,63.09573444801933,400.,10,0,0.1577263142651643,0.1852664309691883,0.19697224312149486,0.18640226651123804,0.1956278796314894,0.1810078510648021,0.19157443721241635,0.19914354178225505,0.19453037859583183,0.19708814390736673,0.17926286226865357,0.19163845577242783,0.16983435081421952,0.17143669710787046,0.16134308285273813,0.16836090795363737,0.17707538870576703,0.17445926816684132,0.1843856336238262,0.1824126640722243,0.17407356151851794,0.17476505842251114,0.17486203066244718
4,9.5,100.,400.,10,0,0.15810409889725552,0.18517047533419015,0.19802740872680896,0.1868427132208553,0.19578364463450496,0.18025820163746423,0.1913200441925102,0.1987198490504877,0.19387148000188256,0.19704673079379653,0.17930498020626445,0.1913360361465458,0.16956654001216392,0.17149010252624594,0.16163243130250948,0.16851472128145234,0.1778148687215643,0.17460126371019488,0.1846132449808477,0.18304577264735322,0.1744199328096362,0.17524520069516164,0.17477476072603318
4,9.5,158.48931924611142,400.,10,0,0.158840629999477,0.18543008691533105,0.19955050103988903,0.18772472275852495,0.19638443831535632,0.18024902012189234,0.1918526753383987,0.19902422668242387,0.19395899468521707,0.19746148015006026,0.1797194550406143,0.19176869863892815,0.16997152008116426,0.17214993850897475,0.16256727747943267,0.16899425241024008,0.17875588158917463,0.17517445717255445,0.18537541375094216,0.1838412557413326,0.17521456255424794,0.17623694378280813,0.17507632353986363
4,9.5,251.18864315095823,400.,10,0,0.15984424613653742,0.18580789092308084,0.20139681370963253,0.18897263009056878,0.19731632138513858,0.18101843873166246,0.19313903941489569,0.1999513622584603,0.1949024528340318,0.19817933772636875,0.18021354111416593,0.1931502077216708,0.17103450943125645,0.1733739697223058,0.16424013898692896,0.16974175913121944,0.1797761208045137,0.17633195123970802,0.18685959950958686,0.18464433555033347,0.1766420105948848,0.1778778874317839,0.17596088691101666
4,9.5,398.1071705534973,400.,10,0,0.16170489949597214,0.18706692347102236,0.20433861772268402,0.19147014896350154,0.19936165345468013,0.1837925917259563,0.19624356162954448,0.20263517630793734,0.19819753472033652,0.20020016263020596,0.1813501904336616,0.19692306310195584,0.17373968393770337,0.1761101573030555,0.1677607804945767,0.17164453143568356,0.18172664498050953,0.1792883399656329,0.19027802082457684,0.1862327388898026,0.17997050973885065,0.18126573394299123,0.1785433247721899
4,9.5,630.957344480193,400.,10,0,0.16764834462511571,0.1938518992089889,0.21248603988826842,0.19942788967000263,0.20649375471108364,0.19384791532679588,0.20611540230440217,0.21260761824633317,0.20989078745128203,0.20866793810864057,0.18706303541542468,0.2084563660434714,0.1826112059263854,0.18489012281201955,0.1777498061788354,0.17906222410885986,0.18914944107577092,0.18884873740303595,0.20027712225024213,0.1929803390286492,0.1900762640967503,0.19080360823315395,0.1870394155901537
4,9.5,1000.,400.,10,0,0.18790223285560514,0.2208696150953722,0.23863544001092105,0.22542248297710596,0.23093022658199122,0.22598796715773845,0.2372066616449948,0.24604534668830075,0.24640103347652803,0.23902923883861987,0.21028368985735651,0.24213449508610999,0.2107494426652845,0.213056314374379,0.20714639701628287,0.20502940232477523,0.21602727826828272,0.21833013806388546,0.2297149299762181,0.21862838668063558,0.2203189935816956,0.21893793122992464,0.2132015060914142
4,9.5,500,400.,10,0,0.16373178678676786,0.18914630959307932,0.2072103413078394,0.19421526261577476,0.2017668783891664,0.18723514334302496,0.19968707468826696,0.20598949223023677,0.20223208063935802,0.2029540695881543,0.18309858903815637,0.2010461762924515,0.17681620239531504,0.1791506374781147,0.17135162606315751,0.1740935199295514,0.18415177390326798,0.18263332872108776,0.19386445580678813,0.1883783969714843,0.18355937702606878,0.18469956981478045,0.18151858179035826
4,9.5,800,400.,10,0,0.175214846818296,0.203718403925589,0.22236618437908431,0.20927125955756845,0.21564283292324424,0.20618525603004068,0.21802169655605338,0.2252796773382525,0.22400470061952193,0.22000248499219607,0.19546977433846488,0.22163294763748043,0.19338454079277026,0.1956297333582227,0.1891874341296516,0.18879586357573203,0.19912702522170922,0.20022850025980177,0.2117308889513798,0.20240294591048494,0.20182236686931,0.2017224534925704,0.1971295349130225
