"T","mu_theta1","mu_theta_1,if","theta_2,if","theta_2,slab","theta_3","theta_4,if","theta_4,slab","theta_5","mu_theta_6","mu_theta_6b","mu_theta_7","theta_9,if","theta_9,slab","theta_6xc","theta_1,slab_Ca_smallM","theta_1,if_reg_Al","theta_1,if_reg_Ca","theta_1,if_reg_CAM","theta_1,if_reg_Ja","theta_1,if_reg_NZ","theta_1,if_reg_SA","theta_1,if_reg_Tw","theta_1,slab_reg_Al","theta_1,slab_reg_Ca","theta_1,slab_reg_CAM","theta_1,slab_reg_Ja","theta_1,slab_reg_NZ","theta_1,slab_reg_SA","theta_1,slab_reg_Tw","theta7_reg_Al","theta7_reg_Ca","theta7_reg_CAM","theta7_reg_Ja","theta7_reg_NZ","theta7_reg_SA","theta7_reg_Tw","theta_6,x1_reg_Al","theta_6,x1_reg_Ca","theta_6,x1_reg_CAM","theta_6,x1_reg_Ja","theta_6,x1_reg_NZ","theta_6,x1_reg_SA","theta_6,x1_reg_Tw","theta_6,x2_reg_Al","theta_6,x2_reg_Ca","theta_6,x2_reg_CAM","theta_6,x2_reg_Ja","theta_6,x2_reg_NZ","theta_6,x2_reg_SA","theta_6,x2_reg_Tw","theta_6,x3_reg_Al","theta_6,x3_reg_Ca","theta_6,x3_reg_CAM","theta_6,x3_reg_Ja","theta_6,x3_reg_NZ","theta_6,x3_reg_SA","theta_6,x3_reg_Tw","theta_6,1_reg_Al","theta_6,1_reg_Ca","theta_6,1_reg_CAM","theta_6,1_reg_Ja","theta_6,1_reg_NZ","theta_6,1_reg_SA","theta_6,1_reg_Tw","theta_6,2_reg_Al","theta_6,2_reg_Ca","theta_6,2_reg_CAM","theta_6,2_reg_Ja","theta_6,2_reg_NZ","theta_6,2_reg_SA","theta_6,2_reg_Tw","theta_6,3_reg_Al","theta_6,3_reg_Ca","theta_6,3_reg_CAM","theta_6,3_reg_Ja","theta_6,3_reg_NZ","theta_6,3_reg_SA","theta_6,3_reg_Tw","dzb_if","dzb_slab","nft_1","nft_2","phi","tau"
0.,3.7153066515060793,4.7890803589414785,-2.460896365568182,-2.4380993832954547,0.10393058013863637,0.9521874005681819,1.1050115503977271,0.12815098434904088,-0.002634759030578068,-0.005253883441193182,0.8876787495561363,0.0254806551404375,0.022385168500998857,-0.6041659755402045,3.5782434908173295,3.356030291794318,3.6003048742965915,3.6964209737486247,4.008987257470569,3.9433378875758693,4.051210372388011,3.4468710547982946,4.54871542212858,4.486160214133068,5.041801410631818,5.360940740375,4.822427116311795,5.079648822115284,4.391529843928239,0.5601354058715908,0.6625270686534093,1.1474467335396479,0.8697257402695908,1.005782505686477,1.1313044744119887,0.9336880390744319,-0.005573952289791477,-0.005540690212645398,-0.006286379536829545,-0.008737000362045454,-0.0050122032200130675,-0.003629292162204375,-0.004813493488539206,-0.006504695142100567,-0.006748306175604601,-0.0005429720152486932,-0.0020419245794772727,-0.004533563519359213,-0.002734494377961818,-0.005830319913371079,-0.005413336071462501,-0.005270162012439773,-0.005316293881648125,-0.005587185338775,-0.005359348069487046,-0.005335343005188126,-0.005177102161766477,-0.004744988288435851,-0.004892125592290472,-0.005721447255331251,-0.0055435645145295465,-0.005701998190761932,-0.007037723685671819,-0.005130715768072729,-0.002899566613829545,-0.0037887197641959087,-0.001378837982273352,-0.002811630352631477,-0.0019843515947511364,-0.002095369607352841,-0.0030467170332933004,-0.00517814048075284,-0.004983299338452842,-0.005920355254369659,-0.008306568702175002,-0.005360944683122102,-0.005847905072314375,-0.0047099377017215905,16.816057562551343,-15.841253445180625,0.8945888824647727,0.1988513046256364,0.5957552781542046,0.4887447436408862
0.01,3.5756533640060795,4.559571983941478,-2.428916739318182,-2.3950280545454548,0.10431805850113637,0.945373983068182,1.108606759147727,0.12914600933054213,-0.002699423958430568,-0.005283727433693182,0.8924379821261363,0.0250581984443125,0.02196359730099886,-0.5919981367902045,3.3940715908173296,3.1950176042943186,3.4803349242965917,3.5216640987486247,3.7863277824705683,3.8103254375758695,3.935535147388012,3.311994279798295,4.30777193462858,4.309173564133068,4.809797423131818,5.048204202875,4.653637453811796,4.840730747115284,4.203531293928239,0.5710206767840909,0.6670828315284093,1.109680890639148,0.8709234834440909,1.012431679203977,1.1470773215494887,0.9108595212531819,-0.005972885659666478,-0.005746107531395398,-0.006377485853079545,-0.008752212562045454,-0.005024678442638068,-0.0035965786943293753,-0.0049649770099142055,-0.006405164573350566,-0.006703279894354601,-0.0004299139271611932,-0.0020495563239772726,-0.004560259924859212,-0.002728715648110818,-0.005885199453371078,-0.005305646718962501,-0.005312351493189774,-0.005427250019148126,-0.005492010249625,-0.005333401111987046,-0.0052960376614381265,-0.005372186825516477,-0.004753694657005851,-0.005063236336290472,-0.0057682411415812505,-0.005460461794654546,-0.005705623492011932,-0.006883925930671818,-0.005364683166822729,-0.002918168377204545,-0.003919402661490909,-0.0013252900125171022,-0.002915695695535227,-0.0019390502629173865,-0.002071797568451591,-0.0031281059203674753,-0.00521725426625284,-0.005212202802202842,-0.005897477383119659,-0.008357835139675002,-0.005519879063122101,-0.0057705299385643755,-0.004758048025096591,16.823813100051343,-16.125060732680623,0.8964235208522728,0.1990918023161364,0.5995956091828171,0.4942297306981362
0.02,3.7164886140060793,4.808206646441478,-2.459748358068182,-2.4432242045454546,0.10471132908863637,0.9588235868181819,1.1162359578977272,0.13240695270902839,-0.002614211243565568,-0.005323801958693182,0.9302614690286364,0.027178223284312502,0.02327710565099886,-0.6197721430402046,3.5848319908173294,3.381819066794318,3.6015018617965913,3.6840868112486245,3.9664154324705683,3.9126584375758693,4.057270272388012,3.436770629798295,4.58599093462858,4.492272226633068,5.138580210631818,5.356057890375,4.860414466311795,5.154175934615283,4.388374743928239,0.6071540491215909,0.7072180242784093,1.161897312272898,0.9129438119149659,1.056041081096102,1.2082086235494887,0.953422087000307,-0.005948932490916478,-0.005742527571395398,-0.006272635830579545,-0.008641131549545454,-0.005120753008388068,-0.0036115836180793752,-0.0049362181324142055,-0.006442565934600567,-0.006943528199354601,-0.00043915439591119313,-0.0019843950052272725,-0.004701539123109212,-0.002810551503286818,-0.006107624837121078,-0.005315728678962501,-0.0053770358194397735,-0.005471303204148125,-0.0054346047416375,-0.005327744360737046,-0.0053940413301881256,-0.005463416420516478,-0.004839254658080851,-0.005006601590040472,-0.005957850005331251,-0.005697934420904546,-0.005745986967011931,-0.0071506755306718186,-0.005306207784322729,-0.002924819228579545,-0.0037875750115021587,-0.0013291805911983521,-0.0028889186170852265,-0.0018953213214636365,-0.002033545176031591,-0.0029163517634920506,-0.00523829532500284,-0.005291150599702842,-0.00595529475686966,-0.008231301239675002,-0.005456831023122101,-0.005809742203564375,-0.004864514128846591,16.662189075051344,-16.284032145180625,0.8971684072272728,0.1991506307186364,0.5924150602567047,0.5054583984445112
0.03,4.019203939006079,5.167197596441477,-2.513834311818182,-2.496444857045455,0.10453127425113637,0.9730964743181819,1.1092684541477271,0.13484283459690338,-0.002548148750198318,-0.005441872468693182,1.0127528904973864,0.029343849204312503,0.024539430425998862,-0.6549934405402045,3.878638865817329,3.7004381167943183,3.881527524296591,4.0096467112486245,4.3462560074705685,4.214684000075869,4.35431213488801,3.6982306047982947,4.94799602212858,4.780066176633067,5.547287960631818,5.823778527875,5.176631041311795,5.577609309615284,4.666983818928239,0.7074229267740908,0.7827662957284093,1.247418989819148,1.0115073455715908,1.141592745807277,1.2764732809548636,1.033921126090307,-0.005875063843416478,-0.005766063665145397,-0.006266255210579545,-0.008824994762045455,-0.005277072128388068,-0.0037260432243293755,-0.004931584122414206,-0.006591157208350566,-0.0072107644243546015,-0.0005150562471611932,-0.0019518831214772729,-0.004850618323109212,-0.002908857003314318,-0.006339612400871078,-0.005432824293962501,-0.005498267591939773,-0.005576675862898125,-0.005581771886875,-0.0054490725207370465,-0.005569964316438126,-0.005546311471766477,-0.004966598577455851,-0.005036433253790472,-0.00616354003158125,-0.0060020885459045464,-0.005866721132011932,-0.007533127705671818,-0.0052977708255727285,-0.0029366930073295447,-0.003683176622034659,-0.0013757703527046022,-0.0028374615491602267,-0.0019107741843911365,-0.002045657120279091,-0.0026875563294695504,-0.0052997092750028405,-0.005346174378452842,-0.00609075629186966,-0.008231568264675002,-0.005537020384372101,-0.005971231664814375,-0.0049673958900965905,17.181660975051344,-16.314490007680625,0.8964051709772728,0.1989097350998864,0.6044302265497546,0.5116676788877612
0.05,4.544768776506079,5.640302621441478,-2.589450354318182,-2.5410666332954546,0.10337604955113637,0.991235338068182,1.0905133078977272,0.13730139025940338,-0.002550058892736818,-0.005676356537443182,1.1880131000261365,0.0319114324418125,0.025759949575998857,-0.6925659555402046,4.288455978317329,4.217633179294318,4.387812561796592,4.549220573748625,4.964188257470568,4.77202663757587,4.888842359888011,4.161201529798294,5.40489633462858,5.191630101633067,6.041135235631818,6.424629515375001,5.6189990538117955,6.114167272115283,5.054938068928239,0.9699221956590909,0.9593535129171593,1.3683675912478979,1.2576638109090907,1.2967239543352271,1.3670204966082387,1.187023224318182,-0.005885017747166477,-0.005847701941395398,-0.006436015604329545,-0.009374769212045456,-0.005583775109638068,-0.003981447659329375,-0.005016215493664206,-0.006858253845850567,-0.007564484774354601,-0.0006876310759111932,-0.001972598858977273,-0.005074974971859212,-0.003080665844894318,-0.006675755259621078,-0.005677563742712501,-0.005732610501939773,-0.005815338265398125,-0.006002480794375,-0.005711518749487046,-0.005880044328938126,-0.005673896145516478,-0.005218316949955851,-0.005195539840040472,-0.006475766094081251,-0.006429077592154546,-0.0061194442445119315,-0.008092701068171818,-0.005395673928072728,-0.0030058567348295448,-0.003680303415462159,-0.001486615457029602,-0.002794009298597727,-0.0020213418538473863,-0.002130903676970341,-0.0024537762890570504,-0.00549839798375284,-0.005495659275952842,-0.00632011468186966,-0.008430237014675001,-0.005797248836872101,-0.006278170084814375,-0.005124679382596591,18.320744937551346,-16.300176307680623,0.8934801713522728,0.1982098773016864,0.6380188910454546,0.5157928553473862
0.075,4.9209431890060795,5.8482378964414785,-2.619896356818182,-2.5255555182954548,0.10154598815113637,1.000331099318182,1.0785323941477272,0.13791527682190338,-0.002672773000583068,-0.005933342239943183,1.3722738960261363,0.0328225749293125,0.025791579950998858,-0.6954633917902046,4.49733641581733,4.577887504294318,4.768796999296592,4.916524961248625,5.361936169970568,5.180892762575869,5.274643422388011,4.512719929798295,5.59934680962858,5.409688439133068,6.2148686481318185,6.654075590374999,5.8355897288117955,6.322656259615284,5.2549627939282395,1.2283096012840908,1.1833666992784093,1.4940592194853979,1.490282659659091,1.462358148460227,1.4692490311244886,1.357870349943182,-0.006040430449666478,-0.005970889925145398,-0.006747231083079545,-0.009925684249545454,-0.005871304908388068,-0.004229327971829375,-0.005202136664914206,-0.007083734695850566,-0.007761530124354602,-0.0008740174773486933,-0.002086358108352273,-0.005267497730609213,-0.003241214227969318,-0.006914640097121078,-0.005931879711462501,-0.005995068601939773,-0.006062209165398125,-0.006451701453125,-0.0060060135407370464,-0.0061494725414381265,-0.0058502985417664775,-0.005462721153705851,-0.0054487916587904715,-0.006706598144081251,-0.006711553992154546,-0.006362475782011932,-0.008416107493171818,-0.005619506961822729,-0.003104868114829545,-0.0038837771218659086,-0.0016089641430141021,-0.002831023316368977,-0.0021935215658023116,-0.002262678932034091,-0.0024695065056820507,-0.00573893646375284,-0.005721124324702842,-0.006546510000619659,-0.008744428602175003,-0.006113537915622101,-0.006531253259814376,-0.00530959485884659,18.923698762551346,-16.240071107680624,0.8894339151772728,0.19737532504321015,0.6661195944204545,0.5148726858696362
0.1,5.073489776506079,5.8308542589414785,-2.608322790568182,-2.4778788632954547,0.09978816871951136,1.001912666818182,1.0787293591477272,0.13733085404690337,-0.002820768455431818,-0.006073458102443182,1.5314235272761363,0.0324478976668125,0.02508070895099886,-0.6764828755402046,4.519119653317329,4.726850416794317,4.937742036796592,5.053960298748625,5.488463607470569,5.346631512575869,5.42539294738801,4.676007204798295,5.582708634628579,5.437210651633068,6.146773935631818,6.587999377875001,5.839812216311795,6.2682436096152845,5.277204731428239,1.3871163325340907,1.3821176505284092,1.643536027610398,1.630928724659091,1.625128474710227,1.6069358224119887,1.520788001193182,-0.006226574220916477,-0.0060750321751453975,-0.007025260158079545,-0.010221157562045455,-0.006029470745888068,-0.004378894183079376,-0.005355143442414206,-0.007160772920850567,-0.007793964686854601,-0.0010243981154286932,-0.002205582495389773,-0.005363147835609212,-0.003348435685469318,-0.0070033079846210785,-0.006107633561462501,-0.006154046426939773,-0.006217909827898126,-0.006750695028125,-0.006175571340737046,-0.006294983666438126,-0.005944075391766477,-0.005625426238705851,-0.005646796952540472,-0.006780335019081251,-0.0067984691421545465,-0.006486098494511932,-0.008487617680671817,-0.005783700285572728,-0.003185671628579545,-0.0041389132544909085,-0.0017033301927338396,-0.0028863604906477266,-0.0023473365723548864,-0.002366816435784091,-0.0026418256945408007,-0.00591743018250284,-0.005858627464702842,-0.006677180250619659,-0.009000679877175002,-0.006305699515622101,-0.006642785809814375,-0.0054249585825965905,18.758649337551343,-16.147276607680624,0.8857566383272728,0.1966979701786364,0.6783689035454545,0.5119746911504237
0.15,5.02599052650608,5.531066721441478,-2.531737908068182,-2.3612831582954548,0.09688566471217387,0.9971735155681819,1.0994275541477272,0.13497344205940337,-0.003084744403181818,-0.006177342214943182,1.8009406110261366,0.0302257141293125,0.02299559832599886,-0.6202663830402045,4.32885655331733,4.700169179294319,4.927519436796591,4.981228686248625,5.350477144970569,5.289008400075868,5.350816772388011,4.689841929798295,5.30880445962858,5.242301201633067,5.751216648131818,6.135932665375,5.579030903811795,5.866441859615284,5.092471831428239,1.5505748825340908,1.6824510367784093,1.9732408938603978,1.7869761984090908,1.9243118109602269,1.9454851174119887,1.816593858693182,-0.006507891754666478,-0.006199796500145398,-0.007406117345579545,-0.010370960587045454,-0.006160168158388068,-0.004489188170579375,-0.0055409044036642055,-0.007130833058350567,-0.007654980061854602,-0.0012367280351618182,-0.002384389875945523,-0.005422103739359213,-0.003464948180469318,-0.007001044884621078,-0.006223021748962501,-0.006282821089439773,-0.006334696440398125,-0.007033779290625,-0.006317054203237046,-0.006364533541438126,-0.006022205929266477,-0.005772765048705851,-0.005871582576290472,-0.006752476031581251,-0.006729394767154546,-0.006540885082011932,-0.008282951430671818,-0.005971231621822728,-0.003281170579829545,-0.004589887180740909,-0.0018258006953433522,-0.0030447501947727267,-0.0025751180896386363,-0.0025069825095340907,-0.0031118053979570506,-0.00615060908250284,-0.006030878389702842,-0.006785844025619659,-0.009307764052175002,-0.006455377415622101,-0.006639914934814375,-0.0055571262563465906,17.286575000051343,-15.877666082680623,0.8799033715077615,0.1957654464761364,0.6777399611704547,0.5055153710315112
0.2,4.76966060150608,5.132677533941478,-2.434298891818182,-2.2529630907954545,0.09474540373863637,0.9909418718181819,1.1315467403977273,0.13235534276090338,-0.003273107961931818,-0.006152490527443182,2.0154821110261363,0.027520137054312502,0.02084771957599886,-0.5637937667902045,4.0388198283173296,4.481014879294317,4.702098799296592,4.710481311248625,5.005995044970568,5.00210692507587,5.05429395988801,4.504351367298295,4.94776815962858,4.932354901633067,5.279849460631818,5.591939102875,5.203979691311796,5.371816747115284,4.803260306428239,1.6510865425340908,1.8895907430284091,2.261112937610398,1.8967494471590909,2.157452819710227,2.2740559386619887,2.057558467443182,-0.006651193729666478,-0.006195822150145398,-0.007598445158079545,-0.010205121899545457,-0.0061596313833880674,-0.004465433295579375,-0.005624785978664205,-0.006968831233350567,-0.007424345661854601,-0.0013756259560086931,-0.0025046190642772728,-0.005392305686859213,-0.0035025720379693176,-0.006876002172121079,-0.006216435686462501,-0.006275947614439773,-0.006318829965398125,-0.007088951678125,-0.006304283790737046,-0.006297929553938125,-0.006017321254266478,-0.00581479193620585,-0.005951363488790472,-0.0065974353815812506,-0.006539955179654546,-0.006456156107011932,-0.007916091130671817,-0.0060388045968227284,-0.003330196743579545,-0.004916117980740909,-0.0018918137350358523,-0.0031730641210227267,-0.0027222287671386366,-0.0025647278382840907,-0.0035632240703070504,-0.006263816532502841,-0.006080594264702842,-0.00677273263811966,-0.009406313377175003,-0.006446867490622101,-0.006483661734814374,-0.0055933638350965905,15.321677412551344,-15.526637782680623,0.8756910262147728,0.1952202792761364,0.6646542176704546,0.5000763452497612
0.25,4.4413475640060796,4.737976746441478,-2.338216333068182,-2.162150320182955,0.09317722411363637,0.986668855568182,1.166600357897727,0.1299453097422434,-0.003413419215681818,-0.006065152339943182,2.1825276085261365,0.024917220636812502,0.01890656771349886,-0.5137662805402046,3.73869885331733,4.192964429294318,4.396801049296592,4.375634036248625,4.606384294970569,4.63871950007587,4.6839241598880115,4.239805029798295,4.59072147212858,4.604524401633068,4.832425535631818,5.079309140375001,4.820203141311795,4.898129984615284,4.497810356428238,1.7421631962840909,2.0419450917784094,2.4761158988603977,1.9956131209090908,2.324779489710227,2.542924493661989,2.2425672961931817,-0.0066876167671664774,-0.006125931925145397,-0.007674482508079545,-0.009922768262045455,-0.006086443608388068,-0.004392417470579375,-0.005640521316164206,-0.006759609808350567,-0.007177766711854602,-0.0014773796451111932,-0.0026169578784772727,-0.005338374764359213,-0.0035122039992193177,-0.006707498484621079,-0.006158247311462501,-0.006199441339439773,-0.006239514327898125,-0.007029024328124999,-0.006215553640737045,-0.006171729091438125,-0.005958427816766478,-0.005803782811205851,-0.005941564151290471,-0.006413386469081251,-0.006337372517154546,-0.006327194557011931,-0.007513806293171818,-0.006006028559322728,-0.003360033049829545,-0.005140046943240909,-0.0019373431119108521,-0.0032883825472727266,-0.0028184114858886365,-0.002590677103284091,-0.003945292724057051,-0.00627250990750284,-0.006060393777202842,-0.006692531550619659,-0.009367790627175,-0.006349487803122101,-0.006278744472314374,-0.005596769272596591,13.374937162551344,-15.126412857680624,0.8726358149272728,0.1949164952136364,0.6495278240454546,0.49584638383943624
0.3,4.09596001400608,4.374731033941478,-2.250204786818182,-2.0880322451829545,0.09203187253863637,0.9850561055681819,1.201257776647727,0.1278459801307771,-0.003508116200681818,-0.005954338014943182,2.3073423335261367,0.0225751902238625,0.01720678816349886,-0.47036754679020454,3.4555090783173297,3.8856816667943184,4.068026236796592,4.028587898748625,4.206322057470569,4.25972783757587,4.299052909888012,3.947873554798295,4.26166739712858,4.290405089133067,4.431417660631817,4.6248388653750006,4.459910303811796,4.472628647115284,4.204567281428239,1.826955681284091,2.1561548542784092,2.621750748860398,2.0812119921590906,2.438066214710227,2.7425129561619888,2.376440146193182,-0.006653790154666478,-0.006032466325145398,-0.007688229095579545,-0.009600476062045456,-0.005987830170888068,-0.004291150946829375,-0.005631850691164206,-0.006534140883350566,-0.006943305261854602,-0.0015586993484074433,-0.002683637175227273,-0.005270468240609213,-0.0035018644167193183,-0.006533762909621078,-0.006056005673962501,-0.006095953289439774,-0.006135460965398125,-0.006911999490625,-0.006086434728237046,-0.006019604941438126,-0.005874369929266477,-0.005758556398705851,-0.005905353788790472,-0.006211645244081251,-0.006133508029654546,-0.006177474144511932,-0.007116636793171818,-0.005957190621822728,-0.003363046498579545,-0.005276241530740909,-0.0019595774834108523,-0.0033600693460227268,-0.0028819021458886367,-0.002587560760784091,-0.0042499167003070505,-0.00623462104500284,-0.005989049164702842,-0.0065887566131196595,-0.009257199539675002,-0.006232854565622101,-0.006069260876064375,-0.005578392135096591,11.613497250051344,-14.699405282680623,0.8703988288522728,0.1947656777386364,0.6357872376704546,0.4926091882576362
0.4,3.4334491515060797,3.757219946441478,-2.102934571763182,-1.9793171682954547,0.09058377252613636,0.989150136818182,1.2650490200227271,0.12450528699076588,-0.003620243313181818,-0.005709976851193182,2.4440393835261363,0.018723050216525,0.01444628567949886,-0.3991653242902045,2.9620780645673292,3.2870355167943184,3.425683136796591,3.3701735987486248,3.4724050449705683,3.5410181000758687,3.5701402973880114,3.364050704798295,3.6991863508785796,3.7344403591330675,3.7674582556318175,3.8854184316250002,3.8358267425617956,3.769547817115284,3.682760571428239,1.949962280034091,2.2879700042784092,2.748278586360398,2.186512067159091,2.5407373772102266,2.9559718186619888,2.511422896193182,-0.006485158154666478,-0.005820935808895398,-0.007569558245579545,-0.008950162887045456,-0.0057557054546380675,-0.004089901358079375,-0.005518413602414206,-0.006101763358350567,-0.006504134245604602,-0.0016685413222861933,-0.0027779542614772726,-0.0051058967418592125,-0.003456678209219318,-0.006192394898371078,-0.005842770748962501,-0.005839516688189774,-0.005895166877898125,-0.006622204965625,-0.005826790653237046,-0.005734038253938126,-0.005691576224266477,-0.005603244778705851,-0.005731535435040472,-0.00583500540533125,-0.005768528798404546,-0.005857369143261931,-0.0064002310194218185,-0.005763089775572728,-0.003363172083579545,-0.005410199180740909,-0.0019836794426608523,-0.003454099679772727,-0.0029360092483886368,-0.002556041120784091,-0.004668448711557051,-0.006100664907502841,-0.005822854927202842,-0.006351968188119659,-0.008914865114675001,-0.005927057440622101,-0.005656490407314375,-0.005470063411346591,8.768199934701345,-13.818272882680624,0.8675433833397728,0.1947264624261364,0.6153148660279546,0.48821461121113624
0.5,2.8464350077560794,3.265243755191478,-1.989991219318182,-1.9078710907954548,0.08984832868863638,1.000679554318182,1.3201261683977272,0.12209205174940338,-0.003627500939431818,-0.005454085849943182,2.4516737335261363,0.0158226931255625,0.01234473566773636,-0.3422722375402045,2.5591223120673297,2.7473319980443183,2.8484001355465915,2.7910791149986247,2.8471014237205683,2.9129436000758693,2.933255539888011,2.8274433260482947,3.24623091587858,3.2740776416330677,3.2517940022568177,3.3244069567500003,3.3306622963117953,3.227338929615284,3.246846382678239,1.9844212300340907,2.302687729278409,2.718123161360398,2.1879206546590906,2.519785177210227,2.9803011561619885,2.502295571193182,-0.006235353650916478,-0.005580153857645397,-0.007356776745579545,-0.008356114947045456,-0.005503266714638068,-0.003889393151829375,-0.005352717247414205,-0.005720332912100567,-0.006120295649354601,-0.0017364030027861932,-0.0028293414514772726,-0.004929728865609212,-0.003384199081719318,-0.005876910329621079,-0.0055910028402125014,-0.005573130058189773,-0.0056326786191481255,-0.006313296519375,-0.005552485951987046,-0.005428767345188126,-0.005465900798016478,-0.005416137639955851,-0.005518606227540471,-0.005509646455331251,-0.005469321955904546,-0.005558675394511932,-0.005796713178171819,-0.005533202263072728,-0.003302661561079545,-0.005393396868240909,-0.001975795915660852,-0.003481557118522727,-0.0029243493821386364,-0.002491534830784091,-0.00487766851155705,-0.005887667798752841,-0.005601325665952842,-0.006062640078119659,-0.008491613777175002,-0.005620909119372101,-0.005297989921064375,-0.005318997165096591,6.728119050051344,-12.947978607680625,0.8660174587272728,0.1948760219761364,0.6032629576288296,0.4856069831882987
0.75,1.7016395675060794,2.3988365926914783,-1.811384538068182,-1.8189657482954549,0.08951754850113637,1.0473207555681818,1.426015162510227,0.11861392077190337,-0.003470123491931818,-0.004891927182443182,2.0964803247761363,0.011351668316812502,0.00882091095099886,-0.23391511454020453,1.8276135165673295,1.6693915471305683,1.7089374497965915,1.6664334957486246,1.6738745362205685,1.7120030213258692,1.7154699698880114,1.73991336701342,2.4311235125035795,2.4299172467580674,2.368038755631818,2.3943746966250004,2.4305718350617953,2.313242355865284,2.4349377048032386,1.732147436284091,1.969235669278409,2.279570522610398,1.8373234696590908,2.140886775960227,2.590644506161989,2.089379764943182,-0.0055764976609164775,-0.0050198752601453974,-0.006699649519329545,-0.007177655757544205,-0.004932100182138068,-0.0034360078577043754,-0.004927680322414206,-0.004963376177276817,-0.005354701141778351,-0.001822072462661193,-0.002874398450227273,-0.004510375424359212,-0.003184465754219318,-0.005216730000883578,-0.005026607120212501,-0.0049741160226897735,-0.005048516309148125,-0.005618388081875,-0.0049334104622370464,-0.004800901838438126,-0.0049616195292664774,-0.004946655501205851,-0.005004542911290472,-0.004836216711925001,-0.004886840635104546,-0.0049177591070256816,-0.004646829048546818,-0.004989715450572728,-0.003076147994829545,-0.005048777568240908,-0.001915739268235852,-0.003410604973522727,-0.0027872769958886363,-0.002310983011909091,-0.00493419534905705,-0.00533183025750284,-0.005063222974702842,-0.005419105293119659,-0.007420672245925002,-0.004986781533747101,-0.0045907035287281244,-0.004903207986346591,3.964759787551345,-10.953227341048123,0.8649825931022728,0.1955197455386364,0.5947733308204546,0.48285861548926123
1.,0.8904917827560794,1.8296162876914783,-1.7199929580681819,-1.7914805432954548,0.09009553510113637,1.1038137570681819,1.5009260991477271,0.11715700763440337,-0.003218289260681818,-0.004405009499845682,1.5163817235261363,0.0091680652418125,0.00664453260099886,-0.15085226554020453,1.3300421195673295,0.8839991417943183,0.8948497617965915,0.8697681612486245,0.8685233824705685,0.8809147613258692,0.8736619973880111,0.941448589798295,1.8778996908785797,1.8557671378830674,1.8013569468818178,1.819634315375,1.8378878425617955,1.7421386096152842,1.870986278928239,1.2458079737840908,1.4003614980284094,1.664982298860398,1.2648537471590908,1.572665625960227,1.9808341724119887,1.4606647274431819,-0.004961813546515228,-0.004537164310229148,-0.006053660041829545,-0.0063204363795454545,-0.004447483526141818,-0.003084123860251875,-0.004506544896164206,-0.004400442409600566,-0.004768746758104602,-0.001846833687411193,-0.002814881690227273,-0.004134685269799212,-0.002972923424431818,-0.004688892168746078,-0.004537242459007501,-0.004462307257539773,-0.004545029675029375,-0.005065315541861249,-0.004428857691762046,-0.004296341912238126,-0.0045062929182811025,-0.004518380613973351,-0.004531513180172972,-0.004302642834081251,-0.004448280813404546,-0.004405189287386931,-0.0038420696219218188,-0.004520148962103478,-0.002835919431829545,-0.004564926079490909,-0.0018375886594108521,-0.0032298351385227266,-0.0026073314527636365,-0.002133191146111591,-0.00467426971155705,-0.00479572472778409,-0.004592403386354092,-0.00485018259127091,-0.006464206591668752,-0.0044568747466946015,-0.004080482986064375,-0.004490929152496591,2.9983958500513443,-9.255852251430625,0.8655961596022728,0.1962269138961364,0.5989700398990796,0.4823293133293862
1.5,-0.1750967234939209,1.090154171441478,-1.652688213068182,-1.7978040095454546,0.09189675148863637,1.215946726555682,1.6007564503977272,0.11677325594690337,-0.002747866144156818,-0.003683758422443182,0.4598444047761364,0.0078153097418125,0.0040203034259988606,-0.023749964290204484,0.6617610158173295,-0.17611853320568183,-0.1776331257034085,-0.18083952625137534,-0.17262931752943134,-0.18611718742413075,-0.20316840261198843,-0.13547669520170502,1.1330126721285794,1.0974271516330671,1.0744410606318175,1.099619740375,1.0772219913117955,1.029526247115284,1.1101818689282386,0.3103035425340908,0.3565499517784092,0.5927456401103979,0.22421584090909075,0.5444690134602271,0.9133467686619886,0.34695871994318195,-0.004027506199666478,-0.003784769451395398,-0.004994633438079545,-0.005171807574545455,-0.003699567753388068,-0.0025671726180793754,-0.0038445059836642054,-0.003637582795850567,-0.003923030386854601,-0.0018448942341611932,-0.0027400698677272728,-0.0035453599318592127,-0.002612301271952693,-0.0039034020396210784,-0.003790394445212501,-0.003709189138189773,-0.0037797944116481253,-0.0042741264393749995,-0.003689734209487046,-0.003552356745188126,-0.0037981605630164773,-0.003828128551205851,-0.003795475087540472,-0.003585332139081251,-0.003828782579654546,-0.003642573472011932,-0.0027964509181718183,-0.003789956110572728,-0.002409094228942045,-0.003666812807332159,-0.001701139211520852,-0.002861705080596477,-0.0022684164058023866,-0.0018753517218815909,-0.00393929560030705,-0.00395001465250284,-0.003827348519702842,-0.0039653554881196595,-0.004954947327175002,-0.003702731553122101,-0.0034094216235643748,-0.0037951141775965907,2.958589637551344,-6.600574520180624,0.8680358092397727,0.1974585807768739,0.6115462705974921,0.48284955178851124
2.,-0.8542266859939207,0.5865932964414782,-1.646034911818182,-1.8250301757954546,0.09368431981363637,1.313705228068182,1.6663195353977271,0.11765090205940337,-0.002339633456681818,-0.003172367664943182,-0.1760242664738636,0.008069538641812502,0.0023981082634988594,0.06932271195979545,0.19429627831732943,-0.8664305332056821,-0.8598832882034084,-0.854612751251375,-0.8365191800294318,-0.8541593999241304,-0.8728710401119883,-0.8321537702017052,0.6120128471285793,0.5823273766330677,0.5793016606318178,0.6102000028750001,0.5700443913117961,0.5523504596152842,0.585690968928239,-0.28125104496590914,-0.2628183257215909,-0.06379612613960184,-0.3999371203409091,-0.08281136028977265,0.2746334474119887,-0.31546599130681774,-0.0033768647296664777,-0.0032582165751453974,-0.0042066662205795455,-0.004418688437045454,-0.0031637805433880678,-0.002181658551829375,-0.0033558268061642054,-0.003136486283350567,-0.0033294006868546016,-0.0018104264601611932,-0.002643064219477273,-0.0030986469431092127,-0.002328624981594318,-0.003347604972121078,-0.0032569452614625008,-0.003175913476939773,-0.003248836890398125,-0.0037109717243749996,-0.0031709006157370464,-0.003040141703938126,-0.003283251016766477,-0.003309392108705851,-0.003265436061290472,-0.0030996554690812506,-0.003379081792154546,-0.003121399957011932,-0.0021506564681718185,-0.003287162585572728,-0.0020641689498295448,-0.002920968860740909,-0.0015915654445071022,-0.002514800223445227,-0.0019816156415395116,-0.001684622581071591,-0.0032346588007240505,-0.0033300353975028404,-0.0032713431259528422,-0.00333505806311966,-0.0038693341646750022,-0.003189514978122101,-0.0029802398848143754,-0.003262537412596591,3.467766462551344,-4.6462627076806235,0.8705336209897728,0.1984054761811364,0.6173484483654545,0.4835358319488862
3.,-1.7075967734939204,-0.14618399105852165,-1.676629343068182,-1.8758759345454545,0.09650182896691674,1.463119514318182,1.7526838566477272,0.12019128304690337,-0.001756501561931818,-0.0024947951399431818,-0.5924154289738639,0.009820041954312502,0.0002787534509988629,0.18661626945979548,-0.49617338418267076,-1.7398580457056814,-1.7123259882034085,-1.706495113751375,-1.6847971175294312,-1.6896747499241305,-1.7030785651119889,-1.7061738702017057,-0.14923489037142046,-0.15487036086693262,-0.14816400186818202,-0.12041155962499994,-0.15481274618820473,-0.15173344038471592,-0.1661186810717612,-0.7212969074659092,-0.6381063832215906,-0.5448927636396022,-0.8027643828409093,-0.49804516028977286,-0.1743585688380116,-0.7494827538068182,-0.0025723954671664777,-0.0025321642001453976,-0.003144397233079545,-0.0034437799870454555,-0.002446573995888068,-0.0016328158580793753,-0.0026674871911642056,-0.002508607170850567,-0.0025380202993546016,-0.0016938164621611931,-0.0024642776062572726,-0.0024667818143592124,-0.0018800167504693182,-0.0026090745096210787,-0.0025558403989625013,-0.0024735656519397735,-0.0025346551403981252,-0.0030002935156249995,-0.002489483065737046,-0.0023618811664381256,-0.0025867449667664774,-0.0026086620862058505,-0.0025409600887904716,-0.0024633367690812505,-0.002734840904654546,-0.002425179094511932,-0.0013887522931718185,-0.002606739884322728,-0.0015852918823295449,-0.0019099789057409088,-0.0014080502131157272,-0.001984636799772727,-0.0015523105230136364,-0.0014155763732840911,-0.0021864501715570506,-0.00252030640750284,-0.002547055177202842,-0.0025110513381196597,-0.0025217454646750013,-0.002512739240622101,-0.0024355241973143746,-0.0025179505100965905,3.927269550051344,-1.994229307680623,0.8744455330647728,0.1996944360573864,0.6092907960541921,0.4840217702594612
4.,-2.25767963599392,-0.7112130535585219,-1.7098300705681821,-1.9082844770454548,0.09843825512163637,1.5660459280681818,1.811761179147727,0.12261168190940337,-0.001376541888181818,-0.0020444243149431818,-0.5853890164738635,0.011723614054312503,-0.0011831126740011414,0.24231055820979552,-1.0322885341826709,-2.296566145705682,-2.258375988203409,-2.2574210387513753,-2.2432416925294323,-2.2336276124241308,-2.2391116776119886,-2.2611164827017047,-0.7272154278714207,-0.7146775858669323,-0.7138746643681819,-0.6967919471249995,-0.710636733688204,-0.7087600278847157,-0.7320276310717615,-0.7659493824659089,-0.5921497957215908,-0.5806281386396019,-0.7808159828409097,-0.4831981852897733,-0.20531389383801146,-0.7410573288068182,-0.002110737117166478,-0.0020464324001453977,-0.0024787854580795455,-0.0028030585370454547,-0.001987716608388068,-0.0012255669080793751,-0.0022112743536642056,-0.0021154637583505665,-0.0020287951118546014,-0.0015848642459861933,-0.002315206069953898,-0.0020360442643592123,-0.001553997760469318,-0.0021337676471210785,-0.002099604498962501,-0.002025589864439773,-0.0020677911528981254,-0.0025283699906249995,-0.0020464841907370463,-0.001925590978938126,-0.0021282086917664774,-0.002159131248705851,-0.002068240663790472,-0.0020467226315812504,-0.0022827785296545455,-0.001983640844511932,-0.0009535128931718179,-0.002166169584322728,-0.001279235678579545,-0.0012958906807409086,-0.0012713300936233521,-0.0016308966185227267,-0.0012650515733886364,-0.0012198442232840912,-0.0015228739928070507,-0.00201753615750284,-0.002082642252202842,-0.00200803733811966,-0.001760859889675002,-0.0020833026031221013,-0.0020799641848143744,-0.002034946497596591,3.370655837551344,-0.3053746076806245,0.8770642587827728,0.2004944110386364,0.5877881626704546,0.48360024493801124
5.,-2.6636159109939204,-1.1825770410585221,-1.732636218068182,-1.9258294745454547,0.09977376183113637,1.637882578068182,1.8574471016477272,0.12465424102615337,-0.0011235889469318181,-0.0017338037399431822,-0.5126707664738639,0.013386834529312502,-0.0023109340490011406,0.25902658445979554,-1.481328871682671,-2.6992863707056816,-2.660212813203409,-2.6636348512513752,-2.659023742529432,-2.6409060749241307,-2.638954865111988,-2.664491845201705,-1.2002971778714207,-1.1795996608669324,-1.1866485393681825,-1.1795223471250003,-1.1764162461882046,-1.1810041153847153,-1.1976578810717609,-0.7241743699659091,-0.48793749572159084,-0.5191623136396024,-0.6875818203409091,-0.4014929227897728,-0.15904936883801124,-0.659579766306818,-0.0018225643921664782,-0.0017075979001453974,-0.002042839008079545,-0.002344767137045455,-0.0016728777583880678,-0.0008955515830793752,-0.0018924568661642053,-0.0018449746208505668,-0.001679896674354601,-0.0014849898676486933,-0.0021735384937272726,-0.001730917539359213,-0.001300995871719318,-0.0018046838096210786,-0.0017868138614625015,-0.0017184129394397728,-0.0017518804403981246,-0.0021838180531249998,-0.001736748990737046,-0.001625413891438126,-0.0018051808542664774,-0.0018538010737058509,-0.001740707051290472,-0.0017450249815812507,-0.0019517163421545465,-0.0016815904320119316,-0.0006815319556718177,-0.001861146071822728,-0.0010741638160795448,-0.0009132940307409092,-0.0011675966182733521,-0.0014134931435227267,-0.0010618748696386365,-0.0010805411870340909,-0.0011101532990570504,-0.0016906127575028397,-0.0017700329022028423,-0.0016825877256196596,-0.0013123650896750012,-0.0017774162906221014,-0.0018236349223143748,-0.0017049773475965911,2.129626625051344,0.8407040923193758,0.8788037602530728,0.2010256265761364,0.5621016326704547,0.4827299868137237
7.5,-3.36809698599392,-2.1006741910585216,-1.750019169318182,-1.9333973882954547,0.10159385500113637,1.738643843068182,1.941357712897727,0.12832777602066586,-0.0008261154344318181,-0.0012799476399431827,-0.4315869539738637,0.0163985192991625,-0.004286541924001139,0.20913418820979546,-2.363680509182671,-3.3766211082056814,-3.3577209007034066,-3.3652189762513753,-3.375555292529433,-3.3604281124241315,-3.3446676526119883,-3.355595382701705,-2.0985571653714206,-2.0890460483669324,-2.103672101868183,-2.106138247125,-2.094423558688205,-2.1096186903847163,-2.099842756071761,-0.631117394965909,-0.3647086957215907,-0.410008426139602,-0.5497076828409092,-0.33241534778977266,-0.11304224383801142,-0.5519287663068181,-0.0014601246046664772,-0.0012219344001453978,-0.0014629593830795453,-0.0015983134745454547,-0.0012338732458880676,-0.00034138605807937546,-0.0014167926161642056,-0.001443934995850567,-0.0011824438493546014,-0.0012874255165445682,-0.0019351192664772729,-0.0012769836143592126,-0.000902327946719318,-0.0013382328471210785,-0.0013443528239625011,-0.0012810180894397725,-0.0012884801403981257,-0.0015934175406249994,-0.0012843445157370457,-0.0012066580039381265,-0.001340563341766477,-0.0014267541987058505,-0.001260543788790472,-0.0012929612315812507,-0.001426149317154546,-0.0012523000070119319,-0.000347140705671818,-0.0014008607093227285,-0.0008683313285795446,-0.0004946640557409085,-0.0010032641155608521,-0.001218557206022727,-0.0007740372583886364,-0.0008754241732840911,-0.0006660669365570505,-0.0012632920825028406,-0.0013540829147028416,-0.0012697157881196596,-0.0008810608021750004,-0.0013348958156221015,-0.001401341959814375,-0.001261939972596591,-2.2543040999486568,2.472428092319376,0.8810048912713978,0.2017322354636364,0.5009223279204545,0.4800250316625112
10.,-3.8377789984939206,-2.768999266058522,-1.735295193068182,-1.9181435282954546,0.10231214273863637,1.780438095568182,2.0009128503977274,0.13064258851115337,-0.0007284308344318181,-0.0010417859774431814,-0.4284906289738635,0.018281979542195,-0.005541411049001138,0.10122130570979548,-3.017098921682671,-3.812917708205681,-3.824347713203408,-3.829128838751375,-3.838503380029432,-3.8458745874241314,-3.8217340026119886,-3.8164927077017046,-2.73557517787142,-2.7599446483669325,-2.7642799143681835,-2.756891322124999,-2.7730916086882047,-2.784359065384716,-2.761835231071761,-0.5695266824659093,-0.3621234832215906,-0.3870041136396021,-0.5059656953409092,-0.3879877852897726,-0.14345038133801125,-0.5313064538068181,-0.0013042169171664773,-0.0009685102626453973,-0.001211836470579545,-0.0011636209995454548,-0.001031811783388068,0.00002919931692062531,-0.0011717607786642052,-0.0012280031208505666,-0.0009563627618546016,-0.0011369500658411932,-0.001776048275227273,-0.0010502250893592129,-0.0006522925967193177,-0.0011199250721210781,-0.0011226024489625012,-0.0010693761769397735,-0.0010517370028981254,-0.0012338190281249994,-0.0010469339532370465,-0.0009977644164381257,-0.0011057724417664772,-0.0012378391237058508,-0.0010108915012904721,-0.0010359411065812515,-0.0011582664421545459,-0.001050559057011932,-0.00023459583067181843,-0.0011494512468227282,-0.0008300401410795454,-0.0003902284932409089,-0.0008991374657858521,-0.0012527597310227265,-0.0006349055583886362,-0.000737289985784091,-0.0006114452990570508,-0.0010840835200028398,-0.0011663779522028423,-0.0011219998381196599,-0.0008458577521750022,-0.0010855051156221018,-0.0011464326348143749,-0.0010749486600965903,-6.949083474948651,3.2392064673193754,0.8816921446333978,0.2020042295761364,0.4533781439204546,0.4774830077976362
